60,62,64,62,64,65,67,65,64,62,64,62,64,65,67,65,64,62,60,62,64,62,60
65,67,69,70,72,70,69,67,69,67,69,70,72,70,69,67,65
53,55,57,58,60,58,57,55,57,58,60,58,57,58,57,55,53
65,67,69,70,72,74,72,70,69,67,69,67,69,70,72,70,69,67,65
67,69,71,72,74,76,74,72,71,69,71,72,74,76,74,72,74,72,71,69,67
62,64,66,67,69,71,69,71,69,67,69,67,66,67,66,64,66,64,66,67,69,71,69,67,66,67,69,71,69,67,66,64,66,64,62
62,64,66,67,69,71,69,67,66,64,66,64,62,64,66,67,69,71,69,67,66,64,62
67,69,71,72,74,76,74,72,71,69,71,72,74,76,74,72,71,69,67
58,60,62,60,58,57,55,53,55,57,58,60,62,60,58,57,55,53,55,57,58
46,48,50,51,53,55,53,51,50,48,46,48,50,51,53,55,53,51,50,48,46
48,47,48,50,48,50,52,53,55,53,52,50,48,47,45,43,45,47,48
62,64,66,67,69,67,69,71,69,67,69,67,66,64,62,61,62,64,66,64,62
58,57,55,53,55,53,51,50,48,46,48,50,51,53,55,57,58
63,65,67,68,70,68,67,65,67,68,70,72,70,68,67,65,63,62,63,65,67,65,63
50,52,54,55,57,59,57,55,57,55,54,55,54,52,50,52,54,55,57,59,57,55,54,52,50,52,54,52,50
62,64,66,64,66,67,66,67,69,71,69,67,66,64,62
70,69,70,72,70,72,74,72,74,75,74,72,70,69,70
65,64,65,67,65,64,65,67,65,67,69,67,65,67,69,70,72,74,72,70,69,67,65,64,62,60,62,64,65
65,64,62,60,62,64,65,67,69,70,72,70,69,67,65,67,69,70,69,67,65,64,62,60,62,64,65
69,73,76,73,69,76,73,69,64,69,73,71,69
45,49,52,45,49,52,49,45,49,52,49,45,52,49,45,52,49,45
69,64,69,73,76,73,76,74,73,71,73,69,64,69,73,76,69,73,76,74,73,71,69
67,71,74,72,71,69,67,71,74,72,71,69,74,71,67,69,71,72,74,76,74,72,71,69,71,67
63,67,70,63,67,68,70,72,70,68,67,65,63,67,63
51,55,58,51,53,55,56,58,60,58,56,55,53,51,53,55,56,58,60,58,56,55,53,55,56,55,53,51
67,69,67,62,67,69,71,67,69,71,69,67,66,62,64,66,67,71,67
50,54,57,54,57,62,64,62,61,59,57,55,54,52,54,57,50,54,57,62,64,62,61,59,57,55,54,52,50
58,60,62,63,65,63,62,60,62,58,62,65,63,62,65,70,69,67,65,63,62,60,58
63,67,70,58,67,63,70,67,70,75,74,72,70,68,67,65,63
65,67,69,65,67,69,70,67,69,70,67,69,70,72,74,76,77,76,77,76,74,72,65,67,69,65,67,64,65
44,48,51,56,58,56,55,53,51,53,51,49,48,46,44,43,44,46,44,48,51,56,58,56,55,53,51,56,55,53,51,49,48,46,44,46,48,44
46,48,50,51,53,50,53,55,53,51,50,48,55,53,50,53,58,57,55,53,50,55,53,51,50,48,46
65,72,69,70,72,74,72,70,69,67,72,70,69,72,70,69,67,70,69,67,65,69,67,64,65
68,67,65,63,68,67,65,63,72,70,68,70,72,73,75,72,73,72,70,68
67,71,74,67,66,67,69,71,72,69,71,72,74,76,74,72,71,69,71,72,71,69,67
67,69,70,72,74,75,74,72,70,69,70,72,74,72,70,69,67
55,54,55,57,55,57,58,60,62,60,58,57,58,57,55,54,55,57,58,60,62,60,58,60,58,57,58,57,55,54,55
64,66,67,69,71,69,71,72,71,69,71,69,67,66,64,63,64,66,67,66,64
60,62,63,65,67,63,60,67,68,70,68,67,72,67,65,63,60,62,63,62,60,59,60
55,53,51,50,55,53,51,50,52,54,55,57,60,57,55,54,55,53,51,50,52,54,55
76,74,72,71,69,67,66,67,69,67,69,71,73,75,76,71,67,64
50,52,50,49,50,49,50,52,50,52,53,55,57,58,57,55,57,58,57,55,53,52,50,49,52,50
62,65,64,62,61,62,64,65,67,65,64,65,67,69,70,69,67,65,67,69,67,65,64,65,67,65,64,65,67,69,70,69,72,70,69,67,65,64,65,64,65,67,69,70,69,67,65,64,62,64,65,64,62,61,62,64,62,61,62
65,67,69,65,67,69,70,67,69,70,67,69,70,72,74,76,77,76,77,76,74,72,65,67,69,65,67,64,65,67,69,70,72,69,70,67,69,67,65,64,65
56,51,56,51,56,55,56,58,56,51,53,51,53,55,56,55,56,58,60,51,53,55,56,55,56,58,60,58,60,61,63,60,56,60,58,56,58,60,56,55,53,51,53,55,56,51,56,44
68,67,68,70,63,70,68,70,72,73,75,77,75,73,72,70,68,63,72,70,68
60,62,64,65,67,55,62,64,65,64,62,60,62,64,65,67,55,62,64,65,64,62,60
58,60,62,63,65,67,65,63,62,60,58,60,62,63,65,58,60,62,63,65,58,60,62,63,65,67,65,63,62,60,58
58,60,62,63,65,67,69,70,72,70,69,67,65,67,65,63,62,60,58
64,68,71,59,64,66,68,69,71,68,69,68,66,64,63,64,66,68,59,64
64,59,64,71,64,59,64,66,68,69,68,66,64,63,64,59,64,71,64,66,68,69,71,69,68,66,64,66,64
64,57,68,64,66,68,69,71,69,68,66,68,69,71,73,69,66,68,71,59,68,66,64
68,63,60,61,63,65,63,61,60,58,56,55,56,60,63,68,63,60,61,60,61,63,65,63,65,63,60,61,58,56
68,67,65,63,61,60,58,60,61,63,65,67,68,70,72,63,68,67,65,63,61,60,58,60,61,63,65,63,60,61,60,58,56,58,60,56
69,68,66,64,66,64,62,61,59,61,62,64,66,64,66,64,66,68,69,71,69,68,66,64,66,64,62,61,59,61,62,64,66,64,61,62,64,66,68,69
62,66,69,71,69,71,73,74,73,71,69,71,69,67,69,71,69,67,66,67,69,67,66,64,67,66,64,62
67,69,71,62,67,69,71,72,71,69,67,66,64,62,64,66,67,69,71,62,64,66,67,69,71,72,71,69,71,69,67,69,71,67
71,65,71,74,77,76,74,72,71,72,71,69,67,65,74,72,71,72,74,72,71,69,71,65,74,71,72,71,69,71,72,71,69,71,72,74,72,71,65,71
65,69,72,74,72,71,69,67,65,67,69,72,77,76,74,72,69,71,69,71,72,69,67,69,65,69,72,74,76,77,72,69,71,72,69,65,72,71,69,72,77,65,67,69,67,65
74,69,74,76,77,76,74,76,77,76,74,76,74,72,71,69,71,72,74,76,77,76,74,72,71,69,77,76,74
62,74,73,71,69,67,69,67,66,67,66,64,66,69,74,73,71,69,67,66,64,62
63,70,67,68,70,72,70,68,67,65,67,70,68,67,65,63,67,65,63,65,63,70,67,68,70,72,70,72,74,75,67,65,63,65,67,65,63
52,51,52,54,52,54,55,54,55,57,59,60,59,57,55,57,55,54,55,54,52,51,52
66,69,73,69,66,73,69,66,61,66,69,68,69,66,73,69,66,68,66,61,69,68,66
66,73,69,66,65,66,68,66,65,66,69,73,61,69,66,61,73,71,69,68,66,65,66
53,48,49,48,53,56,60,61,60,56,53,56,55,53,48,49,48,53,56,60,53,56,55,53
65,60,68,65,72,70,68,67,65,64,65,67,68,67,65,68,70,72,65,60,68,72,73,72,70,68,67,68,65,60,72,60,62,64,65
51,46,51,55,58,56,55,53,51,46,51,55,53,55,56,58,51,46,51,55,56,55,56,58,60,58,60,62,63,62,60,58,56,55,53,63,62,60,58,56,55,53,51
69,68,66,64,66,68,69,71,69,68,69,71,69,71,73,74,73,71,69,64,66,71,69,68,69
50,52,50,49,50,52,53,50,52,53,55,57,58,57,55,53,50,52,53,55,57,58,57,55,53,52,53,50,52,53,55,57,58,57,50,52,53,55,57,58,57,55,53,52,50,49,50,52,53,55,52,50
60,64,67,65,64,62,60,64,62,60,62,64,65,67,69,67,64,60,64,62,60,62,64,60,65,67,69,71,72,71,69,67,64,72,71,69,67,69,67,65,64,60,57,59,60,62,64,65,67,69,67,64,60,67,65,64,62,64,62,60
64,62,60,59,57,55,57,59,57,55,54,55,57,55,54,55,54,52,54,64,62,60,59,57,55,57,59,47,49,51,52
60,64,67,72,74,72,71,69,67,69,67,65,64,62,64,65,67,69,67,69,71,72,67,64,60,59,60,62,64,65,67,69,67,64,65,64,62,60
62,64,66,67,69,71,73,74,73,71,69,71,69,67,66,64,62
62,64,65,67,69,71,73,74,72,70,69,70,69,67,66,64,62
62,66,69,74,73,71,69,74,73,71,69,67,66,64,62
62,65,69,74,72,70,69,74,72,70,69,67,65,64,62
62,66,67,69,71,69,67,69,74,73,71,69,67,66,64,66,64,62,66,67,69,71,69,67,69,62,74,73,71,69,67,66,64,66,62
62,65,67,69,70,69,67,69,74,72,70,69,67,65,64,65,64,62,65,67,69,70,69,67,69,62,74,70,69,67,65,64,65,62
60,67,65,64,62,64,65,64,65,67,65,67,64,62,64,62,64,65,64,65,67,69,67,65,64,62,60,59,60
58,62,65,63,62,60,62,63,65,67,65,63,62,60,58,62,65,70,69,67,65,63,62,60,58
51,55,53,51,55,46,58,56,55,53,55,53,55,56,58,51,58,60,58,56,55,53,55,56,58,60,58,56,58,56,55,53,55,56,58,60,58,56,58,56,55,53,55,53,51
69,71,73,71,69,71,73,74,76,73,74,73,71,73,71,69,71,69,68,66,64,69,68,69,71,69,71,73,71,73,74,73,71,69,64,73,71,73,71,69,71,73,71,69,64,66,68,69,73,71,69
52,51,52,54,52,54,56,57,59,61,63,64,63,61,59,57,56,54,56,54,52
52,51,52,54,52,54,55,57,59,61,63,64,62,60,59,57,55,54,55,54,52
62,64,65,67,69,70,72,70,69,65,69,70,69,65,64,62,64,65,62,64,65,67,69,70,69,70,72,70,69,67,69,70,69,67,69,67,65,64,62,61,62,64,62
44,48,51,44,46,48,49,51,49,51,53,55,56,55,53,51,49,48,46,48,44,51,49,51,53,55,56,58,56,55,53,51,49,48,46,48,51,48,44
76,71,72,71,69,71,64,66,67,69,71,72,71,72,74,72,71,69,67,66,64,71,67,64,67,71,76,71,76,74,72,71,72,69,72,71,67,64,63,61,63,64
58,65,62,63,65,67,65,70,69,67,65,70,69,67,65,62,58,65,63,65,67,65,63,62,60,58,60,62,58
58,62,65,70,69,67,65,63,62,60,62,63,65,60,62,63,65,60,62,65,70,69,67,65,63,62,60,58,65,53,55,57,58,62,58
58,57,55,53,51,50,58,57,55,53,51,50,48,58,57,55,53,51,50,48,46
71,68,64,71,69,68,66,64,66,68,69,68,66,64,71,59,71,68,76,75,73,71,69,68,69,68,66,64,66,68,64
59,64,62,60,59,57,55,57,59,57,55,54,52,57,55,54,55,54,52,54,59,64,62,60,59,57,55,57,59,47,49,51,52
67,64,60,67,69,67,65,64,62,64,60,62,64,55,57,59,60,62,64,65,67,65,64,62,64,62,60,62,64,65,64,62,60,62,64,65,64,62,67,64,60,67,69,71,72,71,69,67,65,64,62,60,55,57,59,60,62,64,62,60,62,64,65,67,64,62,64,62,60,62,60,59,60
74,72,71,72,71,69,71,69,67,62,67,66,67,69,71,72,74,72,71,72,74,76,74,72,71,72,74,76,72,71,72,74,71,69,71,72,69,67
67,63,62,60,62,63,65,67,63,60,59,60,62,63,65,67,68,67,65,63,65,67,65,63,62,63,65,67,60,67,68,70,68,67,65,67,60,62,63,65,63,62,60,62,63,60,62,63,62,60,63,62,60
64,61,66,64,63,61,60,61,56,63,56,64,56,68,66,64,66,63,64,66,68,66,64,63,61,60,61,63,64,66,68,66,64,69,68,60,61
49,45,52,49,57,56,54,52,57,56,54,52,50,49,47,49,45,47,52,49,45,52,57,56,54,52,57,56,54,52,54,52,50,49,47,45
67,66,64,66,64,63,64,67,71,72,74,72,71,72,74,72,71,69,67,66,64,62,60,59,61,63,64,66,67,66,64,66,61,62,64,67,62
52,55,52,53,55,57,59,60,52,55,52,50,48,47,48,50,55,52,48,50,52,53,55,57,55,53,52,50,48,50,52,48
63,67,68,70,63,75,74,72,70,68,67,65,67,68,70,67,63,62,63,65,58,63,67,68,70,63,75,74,72,70,68,67,65,67,68,70,67,63,58,67,65,63,65,67,68,70,67,63,58,67,65,63
54,49,57,56,61,59,57,56,57,56,49,54,49,57,54,61,59,57,56,57,54,61,62,61,62,64,62,61,59,57,61,59,57,59,61,59,57,56,54,49,54,49,57,54,61,59,57,56,57,54
50,55,58,62,60,58,57,58,55,50,55,58,62,60,58,57,50,52,50,48,50,52,50,55,57,58,60,58,57,58,55,57,58,55
67,60,62,63,65,67,65,67,68,70,68,67,63,65,63,62,60,59,60,62,55,67,65,62,60
69,65,62,69,65,62,74,73,74,76,69,67,69,70,69,67,69,65,62,64,65,67,69,74,72,70,69,67,69,65,64,62,74,73,74
58,63,62,63,58,63,65,67,68,67,65,63,65,67,68,70,67,63,65,67,65,63
62,66,69,67,71,74,69,67,66,64,62,64,66,64,62,66,69,71,67,74,69,67,66,64,62,61,62
62,65,69,67,70,74,69,67,65,64,62,64,65,64,62,65,69,70,67,74,69,67,65,64,62,61,62
62,57,54,57,62,59,55,59,62,64,62,61,59,57,55,54,52,50,52,54,57,50,54,55,59,62,59,57,59,57,55,54,52,54,50
62,57,53,57,62,58,55,58,62,64,62,60,58,57,55,53,52,50,52,53,57,50,53,55,58,62,58,57,58,57,55,53,52,53,50
62,57,62,65,64,62,67,62,67,70,69,67,69,65,62,61,62,64,57,69,67,62,67,70,69,67,65,62,65,69,67,65,64,67,65,64,62,61,62,69,62
62,57,62,66,64,62,67,62,67,71,69,67,69,66,62,61,62,64,57,69,67,62,67,71,69,67,66,62,66,69,67,66,64,67,66,64,62,61,62,69,62
62,65,69,74,72,70,69,74,70,74,69,65,67,70,74,65,69,74,64,74,73,71,73,74,62
62,66,69,74,73,71,69,74,71,74,69,66,67,71,74,66,69,74,64,74,73,71,73,74,62
46,51,53,55,56,58,60,56,60,58,55,51,53,55,56,58,56,55,53,51,60,58,56,60,58,55,51,56,55,53,56,55,51,46,48,50,51,53,55,56,58,60,58,56,55,53,51
54,51,47,49,51,52,51,49,54,51,47,49,51,52,49,47,51,54,52,56,59,58,56,54,52,51,49,51,47,51,54,52,56,59,58,56,54,52,51,49,47
44,48,51,56,53,56,51,48,44,46,48,46,44,48,51,49,53,56,51,44
66,69,66,62,67,71,67,62,71,69,67,66,64,66,62,66,64,61,62,64,66,69,66,62,67,71,69,67,66,64,66,67,69,62,66,64,62,61,62,66,69,66,62
62,69,67,66,64,66,67,66,62,69,71,69,67,66,67,69,71,74,71,74,71,74,69,74,71,74,69,67,66,67,66,64,62
67,68,70,67,68,70,75,67,68,70,67,68,70,72,70,67,68,70,67,68,70,72,75,72,70,68,67,65,67,63
45,47,50,52,54,52,50,52,54,50,47,45,54,57,55,54,52,50,52,54,52,45,47,50,52,54,52,50,52,54,50,47,45,54,57,55,54,52,50,47,50
55,58,62,63,60,67,66,62,64,66,67,66,67,69,70,67,62,58,67,63,60,67,66,62,64,66,67,69,70,69,67
48,53,55,53,52,53,55,57,58,57,55,53,55,53,58,60,58,57,55,57,53,57,55,53,52,50,48,60,53,55,53,52,53,55,57,58,60,57,58,60,62,60,58,57,58,57,55,53,55,57,55,53,52,53,60,57,53
49,52,54,56,49,57,59,57,56,49,54,56,54,52,49,51,56,54,52,54,56,54,56,57,56,54,52,49,56,61,57,54,56,52,49,51,52,51,49
62,67,70,69,67,66,67,62,63,62,67,70,74,72,70,69,72,70,69,62,67,70,69,67,66,67,62,63,62,67,70,74,72,70,69,70,67
51,56,55,56,58,60,61,63,61,60,58,56,55,56,58,60,58,56,60,58,60,51,56,58,60,61,63,61,60,58,56,55,53,51,60,58,60,56
71,72,71,69,72,71,64,67,71,76,74,72,71,69,71,72,69,71,72,71,64,66,67,66,67,69,67,69,71,64,76,74,72,71,69,72,71,64,66,67,66,71,64
65,69,72,60,64,67,65,69,72,60,69,72,65,64,67,60,65,69,72,60,67,65
65,68,72,60,64,67,65,68,72,60,68,72,65,64,67,60,65,68,72,60,67,65
60,56,53,55,52,48,53,56,60,61,63,61,60,56,53,52,55,48,60,58,55,56,53
60,57,53,55,52,48,53,57,60,62,64,62,60,57,53,52,55,48,60,58,55,57,53
54,55,57,55,54,52,57,52,49,57,55,54,55,57,59,55,50,57,54,52,57,59,62,59,57,54,57,55,57,59,57,55,54,52,50,49,52,57,55,52,54,50
53,55,57,55,53,52,57,52,49,57,55,53,55,57,58,55,50,57,53,52,57,58,62,58,57,53,57,55,57,58,57,55,53,52,50,49,52,57,55,52,53,50
73,74,76,71,73,74,76,71,73,81,78,74,76,80,83,80,76,74,73,74,76,78,81,80,76,74,73,74,76,81,73,74,76,81,80,83,76,74,73,71,73,74,76,78,81,78,76,74,73,74,73,71,69
72,74,76,71,72,74,76,71,72,81,77,74,76,80,83,80,76,74,72,74,76,77,81,80,76,74,72,74,76,81,72,74,76,81,80,83,76,74,72,71,72,74,76,77,81,77,76,74,72,74,72,71,69
54,51,47,46,47,49,51,52,51,52,54,52,51,59,54,51,49,51,52,54,56,54,52,51,54,59,54,51,49,51,52,54,56,52,46,47
64,71,68,64,73,71,68,64,66,64,63,64,71,68,64,73,71,63,66,64
69,62,64,65,62,70,69,62,67,65,64,62,61,62,64,65,64,69,62,64,65,62,70,72,70,69,67,65,64,65,64,62,64,65,62
53,50,53,57,62,60,58,57,58,57,55,57,55,53,52,49,45,53,50,53,57,58,55,58,62,57,55,53,52,50,53,52,50
68,65,66,68,73,72,70,68,65,61,63,65,68,66,65,63,61,63,65,66,68,70,68,73,72,70,68,66,65,63,65,63,61
62,66,69,61,69,62,69,64,69,62,66,69,61,64,69,67,66,64,66,62
62,67,65,63,62,69,67,66,67,70,69,67,65,63,62,60,63,67,66,67,69,62,60,58,60,62,67,65,63,62,60,58,60,62,69,67,66,67,70,69,67,66,69,66,62,67,62,60,58,60,57,55
74,71,67,66,69,66,67,69,71,72,74,76,72,69,74,71,67,72,69,66,67
68,66,68,69,71,73,76,73,71,69,68,66,68,64,66,64,66,68,66,68,69,71,73,76,73,71,69,68,66,68,64
75,70,68,67,68,67,65,63,70,75,70,68,67,65,75,70,68,67,68,67,65,63,72,70,68,67,65,63
62,64,67,69,67,71,72,74,76,74,72,71,69,67,66,67,69,67,66,64,62,64,67,69,67,71,72,74,76,74,72,71,69,71,72,71,69,67,66,64,66,67,69,62,64,67,64,67
67,64,69,67,64,65,62,64,65,64,60,65,64,60,69,64,62,59,60,62,64,60,64,65,69,67,72,71,69,65,64,62,60,62,69,67,64,65,72,71,69,67,64,60
66,59,66,67,59,67,66,64,62,61,59,58,61,54,59,66,58,59,67,66,64,62,61,59,58,59
64,65,67,69,65,62,67,65,64,65,67,69,65,62,67,69,71,72,71,69,67,65,64,62,60,62,64,65,67,69,65,62,69,67,65,62,64,72,71,69,67,65,64,62,60,62,65,69,67,65,64,62,60
63,65,67,68,65,62,67,65,63,65,67,68,65,62,67,69,71,72,70,68,67,65,63,62,60,62,63,65,67,68,65,62,68,67,65,62,63,72,70,68,67,65,63,62,60,62,65,68,67,65,63,62,60
64,67,72,71,72,74,72,71,69,67,69,65,62,64,65,67,69,71,72,64,67,60,62,65,69,64,65,67,65,67,69,67,69,71,67,69,71,72
63,67,72,71,72,74,72,70,68,67,68,65,62,63,65,67,69,71,72,63,67,60,62,65,68,63,65,67,65,67,69,67,69,71,67,69,71,72
65,67,68,65,67,68,70,73,70,67,70,72,70,68,67,65,72,68,72,73,70,67,70,72,70,68,67,60,62,64,65
65,67,69,65,67,69,70,74,70,67,70,72,70,69,67,65,72,67,72,74,70,67,70,72,70,69,67,60,62,64,65
74,76,77,79,81,82,79,76,82,79,76,73,74,76,73,74,76,74,76,77,76,79,82,81,79,76,77,79,77,76,74,73,69,74,76,77,79,81,82,81,79,76,77,74
54,57,56,57,54,57,56,57,54,57,56,59,62,59,56,53,54,56,49,51,53,54,53,54,56,57,56,54,53,54,56,49,57,59,61,59,57,49,56,59,62,59,56,59,61,62,61,49,57,56,54
58,60,58,55,53,62,55,57,60,58,57,60,58,55,53,55,53,51,53,62,63,62,60,58,57,60,62,60,58,57,55,63,62,60,58,55,53,60,62,60,62,58
51,48,51,46,48,49,51,53,55,53,55,51,56,53,56,51,53,55,53,55,51,53,55,56
65,69,72,60,64,67,70,69,67,65,67,65,69,72,70,67,64,60,62,64,65,67,69,67,65
65,68,72,60,64,67,70,68,67,65,67,65,68,72,70,67,64,60,62,64,65,67,68,67,65
71,67,64,69,66,63,59,61,63,64,66,67,64,76,72,69,71,67,64,69,66,63,59,61,63,64
71,66,74,71,70,73,66,70,73,66,76,74,71,67,71,64,67,66,71,62,71,70,66,73,70,76,74,73,71
66,69,71,73,69,71,68,65,61,71,69,68,66,68,61,65,66,73,69,66
67,71,74,72,71,69,71,72,74,72,71,67,72,76,74,72,71,69,67,66,67,62,64,66,67,69,71,72,74,72,71,67,62,72,74,72,71,62,72,69,62,71,67,62,69,66,67
76,72,71,69,71,74,77,74,71,74,77,74,71,68,64,74,71,72,71,72,74,76,74,72,69,71,72,74,71,72,74,76,72,71,68,74,72,71,72,71,69,65,69,71,69,64,69,71,69,68,71,74,72,71,69,68,69
76,73,71,69,71,74,78,74,71,74,78,74,71,68,64,74,71,73,71,73,74,76,74,73,69,71,73,74,71,73,74,76,73,71,68,74,73,71,73,71,69,66,69,71,69,64,69,71,69,68,71,74,73,71,69,68,69
71,72,74,79,74,72,71,72,69,66,67,69,71,69,71,72,71,72,74,76,74,72,71,69,67,74,71,72,74,79,74,72,71,69,72,66,67,69,71,72,74,72,76,72,71,74,71,69,72,66,67
70,72,74,79,74,72,70,72,69,66,67,69,70,69,70,72,70,72,74,75,74,72,70,69,67,74,70,72,74,79,74,72,70,69,72,66,67,69,70,72,74,72,75,72,70,74,70,69,72,66,67
62,66,69,74,73,74,71,73,71,69,66,62,61,62,66,67,66,64,62,66,69,67,64,61,62,66,69,74,71,67,66,67,69,66,64,62,67,64,61,62
62,65,69,74,73,74,70,72,70,69,65,62,61,62,65,67,65,64,62,65,69,67,64,61,62,65,69,74,70,67,65,67,69,65,64,62,67,64,61,62
65,68,72,73,72,70,67,64,65,64,65,68,67,73,70,68,67,72,68,67,65,70,67,64,67,65,67,68,67,65
65,62,59,60,62,64,65,62,59,60,62,64,65,62,59,60,62,64,65,62,59,60,67,69,67,65,69,67,64,67,65,64,62,60,62,65,64,65,67,69,67,65,64,65,62,59,60
67,72,64,65,69,67,65,67,65,62,60,59,57,60,64,62,64,62,60,59,60,62,64,65,69,67,64,69,64,60,69,67,65,62,64,65,69,67,65,64,72,71,69,67,72,64,65,64,62,60
67,72,63,65,68,67,65,67,65,62,60,58,56,60,63,62,63,62,60,59,60,62,63,65,68,67,63,68,63,60,68,67,65,62,63,65,68,67,65,63,72,70,68,67,72,63,65,63,62,60
72,71,72,75,74,72,75,72,68,72,75,77,75,74,75,77,79,72,74,75,79,77,75,72,68,77,75,74,75,77,75,74,79,75,74,72
72,71,72,76,74,72,76,72,69,72,76,77,76,74,76,77,79,72,74,76,79,77,76,72,69,77,76,74,76,77,76,74,79,76,74,72
71,69,68,66,68,64,63,61,64,68,73,71,69,68,66,64,71,66,69,68,64,73,68,64,66,68,69,71,73,71,68,64,66,68,69,71,68,64,69,66,63,64
71,69,67,66,67,64,62,60,64,67,72,71,69,67,66,64,71,66,69,67,64,72,67,64,66,67,69,71,66,69,67,64,66,67,69,71,67,64,69,66,63,64
70,74,79,77,79,72,75,79,77,79,77,79,81,79,77,75,74,77,79,74,70,69,70,79,75,72,70,72,69,70,72,74,75,72,74,70,67,72,74,75,72,69,72,70
53,55,56,58,60,53,51,49,53,56,53,49,48,46,48,49,48,49,51,53,49,48,50,52,53,55,48,53,56,60,56,53,51,49,53,56,53,49,46,48,49,46,48,52,53,55,53,48,56,55,53
50,52,54,57,55,52,54,55,59,57,55,57,59,62,59,57,62,57,55,54,52,50,52,55,54,57,55,54,52,50
51,55,53,56,55,53,56,55,56,58,60,58,56,55,53,55,56,58,53,55,56,58,60,58,56,55,53,51,53,55,53,51
50,52,54,55,50,52,50,48,50,55,57,59,60,59,57,55,57,55,57,59,60,62,59,57,50,52,50,47,45,47,48,50,52,54,55
58,55,54,57,55,54,55,58,60,62,60,62,63,62,60,58,57,62,60,58,57,55,53,51,60,58,57,55,54,51,54,50,55,58,57,60,58,57,55,54,55
51,46,55,53,51,53,46,56,55,53,55,51,60,56,53,58,55,51,56,55,53,51,46,55,53,51,53,46,56,55,53,55,58,63,55,53,56,60,58,56,55,58,56,55,53,51
66,69,67,64,67,66,62,66,64,62,61,59,57,59,61,62,64,66,69,67,71,69,71,67,69,66,67,64,61,57,62,64,66,71,67,69,66,67,64,61,57,62,66,62
44,48,51,53,51,48,46,44,46,48,49,53,56,58,56,53,51,49,51,53,51,55,58,55,58,61,60,58,56,55,53,51,55,58,51,55,58,61,60,58,56,48,51,44
72,70,72,73,75,77,75,73,72,68,73,75,77,75,70,72,67,70,73,70,72,68,67,70,73,70,75,77,79,80,72,70,73,77,73,72,70,68,70,68
44,48,44,51,48,56,55,53,51,49,48,46,44,49,44,53,49,56,55,53,51,49,48,46,44,51,46,51,46,51,44,46,48,49,46,44
46,51,53,55,58,55,53,56,53,51,53,55,53,46,48,51,56,55,58,55,53,56,53,51
47,50,54,59,54,59,57,55,59,54,55,54,52,54,47,50,55,54,52,54,52,55,59,61,59,50,54,59,61,59,58,59,61,54,55,52,50,52,49,47
69,70,69,67,65,64,65,62,61,62,64,65,64,65,67,72,70,69,62,70,69,67,69,65,62,67,65,64,65,64,62,61,62,64,65,64,65,67,69,62
67,70,67,68,67,70,67,65,63,70,63,62,70,62,60,62,63,65,67,68,70,67,70,72,70,63,67,65,62,58,60,62,63,58,67,68,65,70,63
64,68,71,76,75,73,71,59,63,66,69,68,66,68,69,71,73,71,68,64,63,64,66,68,66,64,66,76,68,71,76,75,73,71,68,69,66,64,59,63,66,69,66,68,71,69,68,66,64,63,64,66,64,71,68,71,76
55,51,53,55,53,50,46,56,53,55,56,58,60,56,53,55,56,58,51,55,53,58,46,48,50,51
58,63,65,67,58,67,65,67,68,58,68,67,68,70,72,70,68,67,65,63,65,70,58,68,67,65,68,70,67,65,63,67,65,67,68,70,58,68,67,65,63
67,69,70,69,67,66,69,67,62,63,62,60,58,60,62,67,69,70,69,66,67,62,67,63,62,67,70,74,72,70,69,70,67
65,72,73,72,70,68,72,65,63,70,68,61,60,67,65,63,61,60,62,64,65
63,68,63,70,63,70,63,70,68,67,72,65,72,65,73,70,63,72,68,63,70,63,75,68,70,75,68
46,53,46,54,51,46,53,51,53,49,56,54,53,46,49,51,49,48,49,46
73,76,69,71,64,76,69,73,76,69,64,76,69,64,71,64,69
60,69,60,70,69,67,60,62,60,69,67,62,64,65,60,67,60,69,62,70,64,60,67,65
62,67,66,64,69,67,66,71,69,67,66,64,62,67,66,64,69,67,66,71,69,67,74,76,71,72,74,69,71,72,67,69,71,62,64,69,67,66,71,69,67,72,76,71,69,67,69,64,66,67
62,61,59,61,57,54,59,55,52,57,45,47,50,55,54,52,50,52,57,62,61,59,61,57,59,57,55,57,45,47,50,55,54,50,49,45,47,49,50
71,59,61,73,71,59,61,69,68,66,64,63,71,59,73,61,63,59,69,68,66,68,66,59,71,63,66,64
57,62,60,58,57,55,57,58,60,58,57,55,53,58,57,55,53,52,53,55,57,60,58,57,62,60,58,57,55,57,58,57,58,60,58,57,55,53,52,53,55,57,58,57,55,53,52,53,55,57,53,52,57,50
52,56,59,52,54,56,57,59,64,63,61,59,57,56,54,52,54,47,52,56,59,57,61,64,61,59,56,61,59,57,56,54,59,57,56,54,52,47,51,54,52
52,56,59,52,54,56,57,59,64,63,61,59,57,56,54,52,54,47,52,56,59,57,61,64,61,59,56,61,59,57,56,54,59,57,56,54,52,47,51,54,52
49,54,49,50,49,47,45,47,49,50,49,56,49,57,54,59,57,56,57,56,54,53,54,59,57,56,57,56,54,49,53,54
66,67,69,66,62,64,66,67,66,64,62,64,57,59,61,62,64,66,67,66,64,62,64,66,64,66,67,66,67,69,67,66,67,69,71,69,67,66,64,67,66,64,62
55,56,58,51,50,51,53,51,50,48,46,48,50,51,50,51,53,55,56,55,53,55,56,58,51,56,58,60,58,60,62,60,62,63,51,50,51,53,55,51
57,62,60,58,57,55,53,52,50,49,50,52,53,55,53,52,57,58,57,55,53,52,57,55,53,52,50,49,47,49,50,52,53,55,57,58,57,55,53,52,57,55,53,52,50,49,47,49,50,52,50
56,54,52,51,49,51,48,49,51,52,54,56,54,56,57,61,60,61,51,52,54,56,57,48,49,51,52,51,52,54,56,54,51,56,49
57,61,62,54,57,59,52,55,57,55,54,52,50,54,52,57,61,62,54,57,59,52,55,57,55,54,52,55,54,52,50
60,62,63,62,63,65,67,65,62,60,63,62,60,72,63,68,62,65,67,60,62,65,63,62,60
53,50,53,55,53,50,46,48,50,53,58,57,60,53,51,50,46,43,51,48,45,41,50,51,53,55,57,58,50,48,50,46
65,69,65,72,69,67,69,67,65,64,62,60,67,70,67,74,72,70,69,67,65,67,69,72,74,77,74,72,69,74,70,69,65,67,69,67,65,64,62,60,72,70,67,65
66,62,59,67,66,62,59,61,62,64,66,68,70,71,73,71,67,64,71,69,66,62,69,67,64,62,61,67,66,64,62,61,59
45,47,49,52,50,49,47,45,52,56,59,57,56,54,52,57,56,52,49,54,52,50,52,54,52,49,45,49,45,47,45
59,62,59,61,64,61,66,64,62,61,59,62,61,59,66,62,61,67,64,66,64,62,61,59,62,61,59
68,73,68,65,68,61,63,65,66,75,73,72,70,68,70,68,66,65,63,65,66,68,73,68,65,68,61,63,65,66,75,73,72,70,68,70,73,68,66,73,65,63,65,66,68,70,72,73
58,63,65,67,65,63,62,63,65,58,65,67,68,67,65,63,67,70,72,65,67,68,70,63,65,67,68,67,65,63,62,60,58,60,62,63,65,67,68,67,65,72,65,67,68,70,63,65,67,68,67,65,70,58,63
52,56,59,61,63,64,66,68,64,59,66,63,64,61,63,66,59,69,66,59,66,69,68,64,59,64,68,66,59,66,59,61,63,64
74,71,72,69,71,69,67,66,67,71,69,71,72,74,71,72,69,71,69,67,66,64,62,74,67
48,57,48,46,55,48,58,62,60,57,48,50,58,50,48,60,57,53,62,60,58,57,48,57,55,58,52,53,45,48,53
61,52,50,61,59,50,49,59,57,49,47,57,56,54,56,59,57,56,54,52,64,52,54,64,62,52,54,62,61,52,50,61,59,57,56,57,52,62,61,59,57
48,56,52,55,53,51,49,58,56,60,58,56,55,46,49,46,48,56,55,58,56,55,53
71,79,76,69,78,75,76,67,69,72,71,67,66,67,76,71,75,76,69,71,64,69,71,64,72,71,69,66,67,64
60,59,60,64,63,64,67,66,67,72,71,67,69,68,69,67,66,67,65,64,62,61,62,67,60
70,73,70,65,66,65,72,75,72,65,66,65,66,68,66,63,65,63,65,64,65,58
56,55,56,47,56,55,54,53,54,47,54,53,57,56,57,61,59,57,56,54,56,59,57,56,54,53,54,61,59,57,51,54,56,54,52
74,69,68,69,74,67,66,67,74,65,74,64,70,69,68,69,67,66,67,74,65,64,65,74,73,69,70,69,67,65,64,62
72,70,68,72,63,65,63,70,63,72,63,73,72,70,73,63,65,63,65,70,67,68,72,75,70,75,72,70,68,70,63,72,63,73,72,70,73,63,65,63,65,67,75,68
65,70,67,63,60,70,69,65,62,58,67,63,60,57,67,65,64,67,65,70,67,63,60,59,60,69,65,62,58,57,67,65,63,60,58
67,60,59,60,62,64,65,64,62,67,60,59,60,62,64,65,64,69,71,72,67,71,72,65,71,72,64,71,72,62,64,65,67,71,69,67,65,64,62,60,59,60,72
62,65,69,67,65,64,65,64,62,65,69,72,70,69,67,70,69,67,65,67,60,72,74,72,70,72,69,65,62,64,65,67,65,64,62,61,64,62
64,67,71,69,72,76,75,76,78,71,76,64,66,67,71,74,76,72,69,66,67,69,71,69,67,74,62,66,69,67,71,74,76,74,72,71,70,71,72,69,66,71,69,67,66,64,66,69,67,66,64
69,62,64,65,67,65,64,62,61,57,62,64,65,67,69,70,69,67,65,67,69,70,69,67,65,64,62,64,65,67,64,65,72,70,69,67,69,70,69,67,65,64,65,67,65,64,62,61,62,64,57,62,64,65,64,65,67,65,67,69,67,69,70,69,62,65,64,62,61,62
65,67,68,70,68,67,65,67,68,70,72,68,65,72,68,65,67,68,70,68,67,68,70,72,73,75,72,68,75,72,68,72,60,62,64,65,64,65,67,65,67,68,67,68,70,72,70,68,70,68,67,65,64,65,67,68,65,60,68,65
62,61,62,58,55,54,55,57,63,62,63,60,57,55,54,55,57,58,60,62,61,62,58,55,63,62,60,58,57,55,53,52,53,62,60,58,53,52,53,50,46,55,54,55,51,48,55,57,58,57,55,58,60,61,62,51,50,62,61,62,58,55,60,62,63,51,50,58,57,55,54,55
67,69,70,69,67,66,69,67,62,63,62,60,58,60,62,67,69,70,69,67,66,67,62,67,63,62,67,70,74,72,70,69,70,67
57,53,50,52,49,50,57,53,50,52,49,50,57,53,50,52,50,49,50,57,53,52,50,49,50,57,62,60,58,57,55,57,58,60,58,57,55,53,48,53,55,57,58,57,55,53,52,53,55,57,50,53,52,50,49,50,57,53,50,52,49,50,57,53,52,50,52,49,50
50,51,52,45,52,53,54,50,55,56,57,58,59,50,59,50,54,55,56,57,45,46,47,48,49,50
69,71,73,74,73,78,77,78,71,70,71,72,73,74,73,78,80,77,73,74,75,76,75,76,77,78,73,74,73,71,69,68,73,65,66
53,54,56,53,54,55,56,61,60,58,51,50,51,52,53,50,51,53,54,51,53,54,56,55,56,57,58,44,45,46,48,51,49
60,55,60,58,56,51,56,55,53,51,50,48,50,51,53,55,56,55,57,59,60,55,60,58,53,58,56,51,56,55,56,55,53,51,50,48,55,48
56,60,62,63,72,70,68,63,55,58,62,63,70,68,67,56,60,62,63,61,65,67,68,72,68,70,68,56
43,55,53,51,50,48,47,48,50,51,53,55,43,55,53,51,50,48,47,45,47,48,46,58,56,55,53,51,43,55,53,51,50,48,44,53,51,50,51,53,55,57,59,60
71,69,71,62,64,67,71,69,66,64,66,62,64,67,71,69,71,62,64,67,71,72,71,72,74,62,64,72,71,69,71,62,64,67,64,62,67
59,71,69,67,66,65,66,61,62,65,62,59,67,66,64,63,64,67,66,58,61,64,62,61,59
77,72,69,74,70,67,65,67,69,70,72,74,65,64,72,77,74,71,72,67,64,62,64,65,67,69,71,72,67,64,72,69,65,77,76,74,72,71,72,74,76,72,74,72,71,72,77,72,69,77,72,67,72,71,70,69,70,67,65
62,66,69,67,71,74,73,71,69,67,66,64,62,64,66,64,62,66,69,68,69,71,64,74,73,71,69,71,66,68,69,68,69,71,64,74,73,71,73,69,68,69,71,64,74,73,71,73,69,68,69,71,64,74,73,69,67,66,69,66,62,71,67,71,74,73,74,76,69,71,73,74
68,66,63,65,66,68,65,61,68,70,68,65,63,61,63,68,65,63,65,66,68,65,61,68,67,68,70,72,73,70,68,70,63,65,66,68,61,63,65,66,65,63,61,60,58,56,61,63,65,63,65,66,65,66,68,70,72,73,61,63,65,68,65,61,63,65,61
41,45,48,51,50,48,50,46,41,43,46,51,55,53,51,53,52,53,55,48,50,52,53,48,50,51,50,48,55,53,45,41,45,48,51,48,52,55,58,41,45,48,51,50,48,46
65,67,69,72,70,69,67,66,67,69,70,74,72,71,72,69,67,71,74,73,74,71,72,67,64,67,60,72,70,69,67,69,70,67,72,74,72,70,69,67,65,64,67,72,70,67,69,68,69,65,67,69,70,72,74,69,68,69,72,70,67,74,72,65
53,55,56,55,53,56,55,52,48,52,55,56,58,56,58,60,59,60,61,60,58,56,55,56,58,60,58,56,55,53,56,55,50,52,48,55,53
58,67,62,63,65,67,68,67,65,63,62,58,68,67,65,70,67,63,65,68,67,65,63,72,63,70,63,68,67,65,63,67,65,58,67,63,68,70,72,70,58,67,65,63
62,67,66,62,72,70,69,67,69,70,72,74,75,65,74,63,72,62,64,66,67,69,70,72,69,74,70,67,69,74,70,67,69,74,67
61,62,71,66,69,67,62,61,60,69,66,67,71,72,64,63,62,71,69,60,58,59,67,64,66,67,71,62,69,67
85,84,85,81,80,78,86,85,86,83,80,78,77,78,80,83,81,80,78,80,81,86,83,80,76,78,80,81,83,85,86,83,80,86,85,77,78,76,78,80,81,83,85,86,85,73,75,77,78,80,81,83,81,80,78,74,78,80,78,77,78,73,78,80,83,81,80,79,80,77,83,81,78
68,73,61,63,64,66,68,73,76,75,73,72,68,69,68,66,68,69,71,69,68,59,71,69,68,66,64,71,69,68,66,69,68,66,64,68,66,64,63,61,60,68,61,73,71,69,68,66,64,66,68,69,68,72,73
65,74,72,70,69,67,70,75,74,72,70,69,77,75,74,72,74,70,64,65,74,72,70,69,67,70,75,74,72,70,69,77,75,74,72,70,74,72,70,69,67,66,67,69,62,64,66,67,69,70,72,74,75,69,65,74,72,70,69,67,70,75,74,72,70,69,77,65,67,69,72,71,72,74,72,70
44,56,55,53,51,49,48,49,46,58,56,55,53,51,49,48,46,48,49,51,44,56,55,53,51,49,48,49,46,43,44,46,48,49,51,53,55,56,51,48,51,44,48,53,55,56,53,55,52,53,60,48,49,58,56,55,53,52,48,60,58,48,49,58,56,60,58,61,60,58,56,55,53,48,52,53,44,56,55,53,51,49,48,49,46,58,56,55,53,51,49,48,46,48,49,51,44,56,55,53,51,49,48,49,46,43,44,46,48,49,51,53,55,56,51,48,51,44
64,71,69,72,71,69,66,67,66,63,64,71,72,69,71,67,69,66,67,66,63,64,66,67,74,76,72,74,72,69,71,67,69,66,67,69,71,64,72,69,72,71,69,67,66,64
68,74,73,71,69,74,68,69,71,73,68,74,71,73,71,69,71,69,66,64,76,74,73,71,69,68,64,69,63,64,66,74,71,73,71,69,68,66,64,66,71,68,69
60,66,67,60,58,64,65,63,57,58,65,63,62,60,67,62,63,69,72,70,62,60,66,67,62,63,57,58
47,53,51,48,56,50,55,48,50,51,53,59,62,60,55,53,55,56,50,55,48,53,47,51,50,53,55,48,50,51,48
52,49,45,57,59,57,52,50,47,59,61,59,52,49,57,54,50,59,56,52,62,61,59,57,56,54,52,51,52,54,56,57,45,47,45,57,61,59,47,49,47,56,59,62,52,54,56,57,59,61,64,62,59,61,57,49,52,45
65,60,65,67,60,67,68,67,68,70,68,67,65,64,60,72,73,72,70,68,67,65,63,67,65,63,61,60,58,56,65,60,65,67,60,67,68,67,68,70,68,67,65,64,60,72,73,72,70,68,67,65,63,67,65,63,61,60,58,56,68,63,68,70,63,70,72,73,72,70,68,67,65,68,67,65,60,65,67,60,72,70,68,67,65,60,64,65,68,63,68,70,63,70,72,73,72,70,68,67,65,68,67,65,60,65,67,60,72,70,68,67,65,60,64,65
74,70,69,67,75,72,69,67,66,67,69,72,70,69,67,69,70,74,70,69,67,75,72,68,67,66,67,69,72,70,69,67
54,55,57,62,61,59,55,52,55,59,57,54,50,49,50,54,55,54,52,49,50,54,55,57,62,61,58,55,51,55,58,57,55,54,52,54,52,50,54,57,62
72,75,73,72,70,68,70,73,72,68,67,65,66,70,73,66,64,65,67,68,70,73,72,70,68,67,65,73,77,75,73,72,70,68,70,72,75,73,72,70,68,67,68,70,68,66,68,70,66,73,72,68,67,65,70,67,65,64,65,60,72,68,67,65
62,71,69,67,66,67,69,64,67,66,67,69,62,64,66,67,69,70,71,64,71,69,62,69,67,62,71,69,67,63,67,70,73,74,71,67,62,73,74,73,76,74,71,67,62,73,74,71,67,62,71,69,67
69,73,74,75,76,69,68,71,72,73,74,72,73,76,74,69,73,72,71,76,69,73,74,75,76,69,65,69,75,76,73,69,66,64,74,71,68,66,64,65,69,73,75,76,73,71,69
76,79,78,76,78,81,78,76,75,76,78,79,81,84,83,79,81,79,78,76,75,78,81,79,81,83,84,83,82,83,79,78,76,81,79,78,76,75,76,78,76,79,76,74,72,76,78,82,83,78,81,79,72,71,73,75,76,81,79,78,76
62,65,67,69,65,67,69,72,74,72,69,71,72,69,72,74,72,69,71,72,71,67,65,67,69,65,64,60,62
74,70,67,72,69,65,67,65,64,65,67,70,72,74,70,67,72,69,65,67,65,62,65,67,70,69,67,65,64,65,67
67,65,64,65,62,67,70,69,67,72,67,69,70,72,70,69,67,65,64,62,67,65,67,69,70,69,67,65,64,62,64,65,67,69,67,69,70,72,70,69,67
55,57,58,60,62,58,57,55,58,62,64,65,67,65,64,62,58,62,60,62,64,62,67,60,62,60,58,60,57,58,62,60,62,64,62,67,58,57,55,53,55,62,67,65,64,62,60,67,70,67,64,62,60,62,64,65,62,64,62,60,58,57,55
64,65,64,62,64,72,71,69,67,65,64,65,64,62,64,60,62,65,64,65,64,62,64,72,71,67,69,67,65,64,62,60,62,65,64
69,67,69,70,69,67,65,60,62,63,62,63,65,63,62,60,58,60,69,67,69,70,72,70,69,67,65,60,62,63,65,67,65,63,62,60,58,60,63,62,60,58,60,62,63,62,60,58,60,67,65,60,62,63,62,60,62,60,58,63,67,63,65
67,69,67,65,67,72,74,72,67,71,72,74,76,74,76,74,72,69,67,71,72,74,67,72,69,65,67,69,67
74,71,74,76,74,71,67,69,71,74,76,77,76,74,71,69,67,65,69,72,71,69,72,76,74,72,69,65,64,67,74,72,69,65,67
74,72,71,69,71,72,69,74,72,71,69,67,69,71,72,69,66,67,66,64,62,64,66,62,66,64,66,67,66,64,62,64,66,62
52,57,55,52,57,60,64,62,60,62,64,65,64,62,60,59,57,55,52,55,57
69,67,64,69,67,64,62,69,72,71,69,71,67,69,67,64,69,71,69,67,64,65,64,62,69,72,71,69,71,67,69
62,60,62,65,69,67,69,67,65,62,60,62,67,69,72,74,72,69,65,69,72,69,67,65,62,64,65,67,65,67,69,70,69,67,72,69,67,62,60,65,64,60,62
57,53,50,46,45,58,57,55,52,49,45,58,57,55,53,52,53,54,55,52,49,45,58,57,55,53,52,50
66,69,66,62,64,62,61,59,57,71,73,74,67,66,64,67,66,64,62,64,62,61,59,57,73,74,67,66,64,62
57,69,57,70,72,70,69,57,69,57,65,67,65,64,62,61,62,76,73,69,70,72,70,69,57,69,57,65,62,70,69,67,65,64,62,61,76,74
47,52,56,59,52,51,59,51,49,57,56,54,52,54,47,49,51,57,61,57,54,59,57,56,54,52,54,47,59,47,61,57,56,54,52,54,47,52
74,72,71,69,74,71,69,67,74,71,67,66,74,62,64,73,74,62,71,69,67,69,62,66,69,67,64,67,72,71,62,59,60,69,67,76,74,72,74,71,67,69,71,72,71,69,71,74,67,76,74,72,74,71,67,69,71,72,62,66,67,74,72,71,69,74,71,69,67,74,71,67,66,74,62,64,73,74,62,71,69,67,69,62,66,69,67,64,67,72,71,62,59,60,69,67
59,60,62,64,71,69,64,65,72,71,66,67,76,74,72,71,69,67,71,69,67,60,69,67,65,59,60,64,71,67,64,67,65,57,59,64,62,64,65,64,60,69,67,64,71,69,76,74,72,71,67,74,72,71,69,67,64,71,69,67,64,62,64,57,59,60
62,59,60,62,55,57,59,52,54,55,54,55,57,55,54,52,50,49,50,52,54,55,57,59,60,61,62,59,60,62,61,62,64,62,61,59,57,59,61,62,60,59,57,55,60,59,57,55,54,52,50,52,54,55,57,59,60,62,59,57,55
69,68,69,74,69,72,70,67,66,67,72,67,70,69,60,59,60,70,60,59,60,69,60,59,60,67,68,69,68,69,74,69,74,72,70,67,66,67,74,72,67,70,69,60,59,60,69,62,61,62,70,64,63,64,74,72,65
66,67,59,58,66,73,70,66,64,62,69,71,62,61,62,64,66,67,64,62,61,62,66,67,68,69,68,69,70,71,74,64,62,66,71,59,61,67,66,64,62,61,62,59
72,71,72,74,72,77,69,67,65,64,65,67,69,70,72,74,76,72,71,72,74,72,77,69,67,76,74,72,74,72,74,72,70,67,69,67,65
55,56,55,53,58,56,55,53,55,51,48,53,46,51,48,53,46,51,53,55,56,58,60,58,56,58,60,58,56,55,56,58,51,56,50,55,48,46,53,55,56,55,53,51,50,51
55,57,59,60,62,63,62,55,59,60,62,63,65,63,67,68,65,62,59,62,65,67,63,60,56,55,57,59,60,65,63,62,60
48,58,55,57,58,57,53,48,58,55,57,58,60,62,52,58,60,62,60,50,58,57,53,48,50,52,53
58,60,61,63,61,60,58,60,61,65,70,72,73,65,73,72,66,72,70,73,70,72,66,72,70,75,73,72,70,68,66,65,61,63,60,65,58
59,64,67,71,69,67,69,59,63,66,69,67,66,67,64,63,64,65,66,67,69,71,67,66,64,62,67,71,74,72,71,72,62,66,69,72,71,70,71,68,69,66,67,64,66,64,63,66,64
69,62,64,65,67,69,62,74,70,72,74,70,69,67,64,65,67,64,65,62,64,65,62,64,57,67,65,64,62
70,69,72,70,68,67,65,63,62,65,70,68,67,70,68,67,65,68,67,65,63,75,74,72,71,72,70,68,67,65,68,72,62,65,70,62,65,63
66,67,69,68,69,71,69,67,66,67,64,66,67,69,71,73,71,73,69,74,64,74,66,71,69,67,59,61,66,64,62,74,64,74,66,71,69,67,59,61,66,64,62,66,69,74
66,67,69,74,70,73,71,64,66,67,73,71,69,59,61,62,71,66,69,67,66,64,66,57,62
62,70,62,60,69,60,67,75,74,73,74,75,67,74,67,75,67,74,67,75,67,74,66,67,70,69,62,60,69,58,67,60,69,72,70,69,70,62,69,66,67
80,71,68,76,78,69,66,75,76,68,66,69,73,71,80,71,69,71,73,81,80,71,69,78,76,75,73,71,76,68,66,69,73,71,80,78,76
60,69,64,72,64,62,71,68,69,65,64,69,60,64,65,59,62,60,59,57,65,62,64,59,60,69,71,68,64,69,60,64,62,60,59,57
62,66,62,65,66,62,69,71,68,69,62,68,69,65,66,61,62,56,57,69,62
57,62,56,57,54,55,52,53,49,50,53,57,62,60,58,57,56,59,57,62,56,57,54,55,52,53,48,50,44,45,58,57,55,52,53,50,57,62
57,56,55,54,52,50,51,52,54,52,59,58,57,55,54,52,53,54,55,54,62,58,59,56,57,54,55,53,54,52,55,59,55,52,50,49,57,49,52,51,52,55,49,50
60,64,67,70,69,65,60,62,65,70,74,72,74,70,72,69,65,67,69,67,65,64,62,64,59,62,65,69,67,64,60,62,65,70,74,72,69,70,74,70,69,70,74,65,60,64,67,69,65
64,65,67,65,70,62,63,67,58,57,64,65,67,65,72,69,65,60,65,63,62,66,67,69,67,72,63,64,65,67,65,70,62,60,62,63,65,67,63,69,65,70
47,52,54,55,57,59,57,55,54,51,48,47,57,54,51,59,55,52,48,57,55,54,51,52,55,59,64,62,60,59,57,55,54,55,48,59,57,47,57,55,54,52,51,52
71,78,75,76,75,73,68,78,75,80,81,71,83,80,78,76,75,76,78,76,75,73,80,81,72,81,80,76,73,78,76,75,73,72,73,75,76,66,75,72,73,68,78,76,75,73
60,50,54,55,57,58,55,63,53,63,62,58,60,50,60,58,57,58,55,46,57,46,54,52,54,57,55
74,85,86,79,83,73,81,71,79,69,71,73,69,74,78,74,76,78,80,76,78,80,81,79,76,78,69,78,67,78,69,74,83,81,79,69,79,78,74,71,69,78,76,74
60,71,60,71,60,71,69,71,72,67,65,76,65,76,65,76,74,76,77
59,69,68,64,57,62,64,74,73,69,62,64,74,64,73,62,71,64,69,59,61,64,73,74,64,69,74,73,62,71,73,64,62,71,69,62,64,69,64,59,68,59,69,68,64,73
54,49,57,54,56,57,56,54,53,56,54,53,51,54,53,51,49,48,49,54,49,57,56,54,56,57,59,61,62,52,54,56,57,59,61,50,52,54,56,57,59,57,56,54,53,61,49,50,47,54,49,45,54,53,54,56,57,56,54,53,56,61,54,49,57,56,54,56,57,59,62,61,59,57,56,54,53,54,49,42
60,65,67,69,65,66,67,60,67,69,70,67,69,74,72,71,72,74,71,72,67,64,62,64,65,67,69,71,72,73,74,70,67,69,70,71,72,69,65,62,70,69,67,65,64,60,72,70,69,67,66,67,70,74,72,69,70,69,67,65
64,65,67,60,64,62,64,62,60,62,64,60,69,72,71,69,67,65,64,62,64,65,66,67,69,71,67,69,71,74,72,71,72,73,76,74,67,69,70,71,72,64,69,66,67,69,66,67,62,59,69,66,67,69,66,67,64,66,67,60,64,62,64,62,60,62,64,60,69,72,71,69,67,65,64,62,61,62,64,65,64,65,67,69,71,72,60
69,78,81,80,77,78,76,74,73,78,74,73,71,70,71,74,73,69,66,73,70,71,73,76,74,73,78,74,71,67,66,74,73,71,70,73,76,74,77,78,81,80,78,77,80,78,73,74,71,69,73,71,69,68,69,66
68,69,71,76,69,75,68,73,66,68,69,71,76,73,69,68,66,71,74,73,71,73,69,64,71,73,74,73,71,69,71,64,73,76,71,64,61,64,59,64,63,66,64,68,66,68,69,73,71,69,68,71,64,66,69,63,64
51,53,55,51,47,50,48,55,58,56,53,52,55,53,56,55,50,53,51,50,48,50,53,58,55,51,53,55,48,50,47,56,53,55,48,50,51,48,50,47,48
47,50,47,54,59,58,59,54,61,60,61,54,55,52,50,49,47,54,56,57,56,54,53,54,56,49,62,61,59,57,56,54,49,54,53,54,52,54,55,52,49,50,52,54,55,54,50,47,49,50,52,54,52,50,49,47,49,50,52,53,54,59,58,59,54,53,54,55,54,55,49,50,52,54,50,47,55,46,47,50,54,59
66,64,62,64,66,67,69,74,69,67,69,76,69,68,69,67,66,67,69,67,66,64,62,61,62,64,66,67,69,71,67,66,67,74,67,66,67,71,69,68,69,68,69,71,73,69,74,71,70,71,70,71,73,74,71,73,66,65,66,73,66,65,66,76,74,73,71,70,71,70,71,73,74,71,69,71,73,69,68,69,71,69,66,65,66,69,68,61,63,65,66,64,62,61,62,64,66,67,69,71,67,66,67,74,67,66,67,71,69,71,69,67,66,64,62,64,66,67,69,74,69,67,69,76,69,68,69,67,66,64,62
60,65,60,69,67,65,64,65,70,65,74,72,70,69,67,70,64,72,65,69,62,70,64,67,65,64,62,60,58,57,60,64,65
59,58,59,58,59,54,56,58,59,58,59,54,55,54,55,54,52,50,49,47,46,47,48,49,59,61,63,59,56,58,59,54,52,54,55,54,52,50,49,47,49,50,49,47
47,46,47,49,51,47,54,56,58,56,55,54,59,63,61,58,54,53,56,54,52,51,52,56,46,47,49,51,47,54,53,52,51,52,56,46,54,52,51,54,59,58,56,59,64,51,50,49,48,49,51,47
69,68,69,70,67,66,67,69,65,64,63,64,65,66,67,68,69,74,73,72,71,70,67,64,61,69,70,69,68,67,70,69,67,66,65,64,65,57,70,67,61,69,59,60,61,62
51,53,51,50,51,56,60,58,56,55,53,51,56,51,49,48,51,48,46,44,56,53,51,49,53,51,48,46,49,46,44,43,53,51,56,46,53,46,48,49,50,51,53,51,50,51,56,58,56,55,58,56,53,51,52,53,56,49,53,46,58,56,55,53,55,56,52,55,53,49,46,53,52,48,49,43,44
62,64,65,67,69,70,69,65,64,65,67,69,62,70,69,68,67,66,65,64,63,64,63,64,69,70,69,67,69,70,73,74,69,67,66,67,69,67,65,64,69,67,65,64,62,64,65,67,69,65,70,69,74,72,70,69,67,65,64,62
60,70,66,67,69,70,71,74,72,77,74,70,69,67,68,69,72,73,76,74,72,70,69,66,69,67,74,72,69,70,62,64,65
66,70,68,66,65,68,66,65,66,61,63,68,70,71,75,73,71,70,71,70,68,70,71,73,70,66,63,68,63,65,70,65,66,71,68,70,71,70,68,66,65,66
54,55,54,52,50,49,52,57,47,50,55,45,50,54,50,52,51,52,54,51,52,55,51,52,54,51,52,50,49,47,45,50,45,52,55,52,54,57,62,59,55,57,54,50,55,52,49,50
51,52,54,42,49,51,52,42,47,49,51,42,49,52,54,56,44,51,52,54,44,52,51,49,48,49,51,52,51,49,48,51,44,49,47,45,42,44,46,47,51,56,52,49,54,51,54,52,51,49,51,47
53,57,53,48,46,45,48,55,58,55,60,55,53,52,53,57,53,48,46,45,48,50,55,53,52,50,52,53,55,57,55,53,48,55,57,58,55,53,52,48,57,58,60,57,55,53,48,50,55,53,52,50,52,53
72,69,65,69,72,71,74,67,70,69,70,72,65,64,65,69,67,72,69,65,72,74,72,71,72,74,72,67,69,70,69,67,69,67,65,67,72,65
72,70,67,64,62,60,62,64,65,74,72,69,66,63,62,64,66,67,69,70,72,69,65,60,69,67,65
60,48,52,55,58,56,55,56,55,53,57,60,63,61,60,61,60,58,59,60,56,53,48,58,55,52,48,50,52,53,56,60,48,53
47,48,47,50,52,50,55,57,55,59,57,55,54,52,50,48,47,45,43,62,60,59,57,55,54,55,56,57,50,49,50,54,57,60,59,57,55,47,46,47,51,54,57,55,54,52,50,62,60,59,57,55,54,53,54,57,55
62,63,65,58,70,69,70,72,65,66,67,63,60,57,67,65,63,62,65,67,69,65,62,58,69,67,66,67,63,60,57,67,65,63,62,63,60,58
67,66,67,63,68,67,68,65,70,69,70,75,70,67,66,67,70,68,67,65,63,62,63,65,67,65,69,72,75,74,73,74,70,65,69,72,75,74,72,70,69,67,66,67,63,68,67,68,65,70,69,70,67,72,71,72,74,75,70,72,67,68,65,70,62,63,62,63,62,63
59,64,66,69,67,66,64,63,59,66,67,71,69,67,66,67,64,67,71,72,71,69,67,66,64,62,66,69,74,72,71,70,71,59,60,64,69,67,66,64,63,64,66,67,69,71,74,72,71,69,72,71,69,67,71,69,67,66,64,63,59,66,67,64
67,68,70,75,74,71,72,65,67,68,74,72,69,70,63,62,63,64,65,63,65,66,67,68,69,70,75,71,74,72,68,60,62,65,66,67,63
67,76,74,72,71,72,74,67,66,69,67,68,71,69,70,72,71,72,74,76,72,67,64,60,64,72,71,69,68,69,70,71,64,63,64,74,64,63,64,72,64,63,64,71,69,68,71,64,68,69,67,76,74,72,71,72,74,67,66,69,67,77,67,76,74,69,71,72
65,64,62,60,59,60,70,62,64,65,66,67,66,67,65,69,71,74,72,70,69,67,65,64,65,72,63,62,72,70,61,60,59,60,70,62,64,67,66,69,67,65
62,63,65,70,69,72,70,65,67,63,60,65,63,62,60,58,60,62,67,66,67,69,70,69,65,64,62,67,66,67,69,72,70,69,74,67,70,69,67,66,62,64,66,67,70,65,62,63,65,67,63,65,67,65,74,72,70,69,70
69,70,72,74,72,70,69,67,65,67,69,70,69,67,65,64,62,65,60,65,62,65,60,65,64,65,67,69,67,64,65,67,64,62,65,69,62,61,62,64,67,65,64,65,64,65,67,70,69,67,69,65,64,65,67,70,69,67,65,64,62,65,64,67,65,69,67,70,69,67,69,65,72,70,67,69,72,70,67,69,65,67,64,65,64,65,64,65,64,65,64,65,64,65,64,65
72,81,79,82,76,79,77,74,72,74,77,72,70,77,69,67,76,74,72,73,74,76,85,86,81,77,74,73,74,76,77,69,73,79,76,77,72,70,69,74,70,69,67,69,70,72,77,74,79,76,81,77,82,81,72,79,77,76,77,70,67,69,70,72,81,77,79,77,76,77
57,52,54,52,50,49,47,49,45,57,52,54,52,50,49,47,52,54,50,57,54,52,49,52,57,54,52,54,56,57,59,57
64,67,71,69,67,64,66,63,64,67,71,69,67,64,66,67,71,74,72,71,67,69,66,71,69,67,64,66,63,64
70,67,70,72,70,67,63,60,63,67,65,58,70,67,70,72,70,67,63,60,63,67,65,70,72,70,73,72,70,68,70,68,71,70,68,67,68,69,70,67,63,60,63,67,65,63
62,66,67,69,71,69,66,64,66,57,59,62,64,66,69,66,64,66,64,62,66,67,69,71,69,66,62,64,57,59,62,64,66,64,62,59,57,62
66,62,64,66,69,74,73,76,74,71,69,68,71,69,66,64,63,66,64,57,66,62,64,66,69,74,73,71,69,74,76,74,71,69,66,69,67,64,62
69,65,64,62,70,67,64,62,61,69,64,67,65,64,65,62,72,69,67,65,74,70,69,67,69,70,72,67,69,67,65,66,62,66,69,72,70,69,67,68,69,70,64,66,68,69,64,61,64,57,69,65,64,62,74,70,69,67,68,69,57,67,65,64,65,62
56,58,56,55,53,55,53,51,49,51,49,48,46,48,49,46,51,53,51,49,48,49,48,46,48,44,46,48,49,51,53,55,56,58,56,55,53,55,53,51,50,51,50,48,46,48,50,51,53,55,51,53,55,56,53,55,51,50,51,52,53,55,53,51,48,51,49,48,46,48,46,44,43,46,48,49,51,53,51,49,48,49,48,46,48,44,46,48,49,51,53,55,56,58,56,55,56,58,60,56,55,53,52,53,55,56,53,51,53,55,56,53,55,56,58,55,56,58,60,58,56,55,53,51,53,51,53,51,49,48,46,44,46,48,49,51,53,55,56
72,74,71,72,73,74,64,65,62,64,67,65,69,70,68,69,74,72,70,69,68,69,64,65,69,67,60,69,70,68,69,76,74,72,70,69,68,70,69,67,69,66,67,74,72,64,65,62,64,69,60,65
45,48,52,57,60,59,57,59,56,52,57,52,53,50,52,50,48,47,45,44,52,45,48,52,57,60,62,60,59,57,55,60,59,57,55,53,52,57,53,52,53,50,48,55,54,55,57,55,52,48,50,57,56,57,59,57,53,50,52,54,56,57,59,60,50,52,54,56,57,59,48,50,52,53,52,50,48,47,45,44,45,52,45,48,52,57,45,50,53,57,45,50,53,56,57,59,57
57,59,61,62,64,66,67,69,62,64,66,67,69,71,73,74,73,76,67,66,74,66,64,67,71,62,61,59,61,63,64,66,67,69,71,64,66,67,69,71,73,74,76,75,76,74,73,72,73,71,69,68,69,67,66,74,64,71,67,64,61,62,64,66,67,69,71,73,74
62,61,62,64,66,67,69,71,69,67,66,69,74,73,74,73,71,69,67,66,64,66,64,57,59,61,62,66,69,71,69,67,66,62,66,57,59,61,64,62,64,66,67,64,61,66,64,57,59,61,62
71,66,67,63,64,72,71,76,74,72,71,70,76,70,71,72,71,72,69,72,66,69,63,72,71,67,64,67,69,66,67,64
63,62,60,58,57,58,60,62,63,65,67,68,70,69,70,72,68,67,68,70,67,66,67,68,65,68,67,65,63,62,61,62,63,65,64,65,67,68,67,68,70,72,70,69,72,68,67,63,62,63,72,63,62,63,70,63,62,63,68,67,65,67,68,67,68,70,68,67,65,63,65,63,62,60,58,60,62,63,60,62,63,65,62,63,65,67,63,65,67,68,65,67,68,70,72,70,72,74,75,70,63
66,67,69,67,66,67,71,64,67,61,64,57,69,67,66,64,62,64,67,66,64,62,64,66,67,66,64,62,66,69,67,66,64,66,67,69,67,66,64,69,74,71,69,67,66,67,69,67,66,64,71,67,66,64,63,64,67,64,62,61,57,67,66,64,62,64,66,67,66,62,71,69,67,66,64,66,67,69,67,66,64,74,72,71,69,67,66,67,69,67,66,64,63,64,66,67,69,71,73,74,76,74,73,74,62
62,68,69,62,67,69,66,62,64,61,57,71,69,62,68,69,62,68,69,66,62,63,64,61,57,69,62,70,71,62,68,69,66,67,64,61,57,65,66,64,74,73,71,69,67,66,63,64,71,57,59,61,62
56,53,54,64,63,61,59,58,61,52,56,54,59,51,54,55,58,56,54,52,51,49,56,58,56,53,54,53,46,49,51,49,47
57,59,60,56,57,53,52,47,48,53,52,45,47,50,48,52,57,59,60,56,57,60,59,55,52,54,55,52,47,49,51,57,55,54,52,55,52,50,48,55,52,50,49,58,57,55,53,55,57,45,47,49,50,53,50,48,47,57,55,53,52,53,55,60,56,57,52,53,44,45
61,70,68,66,65,68,66,63,61,65,68,71,75,73,71,70,69,70,66,71,70,71,73,75,77,78,75,73,70,71,68,70,66,68,61,63,65,68,66
58,67,70,67,65,70,65,64,65,67,68,72,70,69,65,75,74,70,67,63,62,60,58,68,65,70,67,63,73,70,75,72,68,69,70,71,72,67,68,69,70,64,65,67,68,62,63
61,62,61,69,68,66,65,61,62,61,71,69,68,69,74,71,68,64,68,71,74,73,71,73,69,66,62,66,69,73,71,69,71,68,65,61,65,68,71,69,68,66,57,61,54
68,72,70,68,63,72,74,75,77,75,72,68,70,68,70,72,70,68,64,68,63,68,67,68,74,75,77,75,72,63,74,75,77,75,68,70,72,70,68,64,68,63,68,67,68
62,66,67,69,71,69,62,66,67,69,70,69,67,66,67,69,67,69,70,74,73,76,69,70,69,67,66,67,64,69,62
50,59,57,55,50,55,51,55,50,47,48,50,52,60,59,57,50,51,50,60,50,52,50,59,50,49,50,52,50,51,50,55
71,74,67,71,62,72,74,69,72,62,71,72,73,74,75,72,67,74,71,67,68,69,74,72,71,69,71,74,67,71,62,72,71,72,74,75,72,67,74,71,67,64,67,71,72,63,71,69,62,69,67,66,67
71,69,66,67,69,71,62,64,62,64,67,72,76,66,76,74,71,67,64,74,72,63,72,71,69,67,69,70,69,67,69,71,69,67,66,64,62,61,62,72,71,74,72,69,66,67
65,67,69,70,72,74,65,67,69,70,72,74,65,67,69,70,72,74,63,69,70,72,62,70,60,69,67,65,67,69,70,72,74,75,65,70,72,74,64,65,67,69,70,72,74,75,74,72,77,74,75,72,74,70,72,69,70,65,67,69,70,72,74,72,70,75,67,69,70
74,69,66,71,67,64,69,66,71,67,66,69,67,64,62,69,72,71,69,67,68,71,74,73,71,69,76,73,71,69,67,66,71,69,67,66,64,74,69,66,71,67,64,69,66,71,67,73,69,76,74,73,72,71,70,69,68,69,74,62
48,56,57,45,57,58,48,47,50,53,57,55,53,63,62,53,61,60,47,48,57,55,53
54,59,54,59,55,54,52,54,59,55,59,54,52,50,49,50,52,54,56,58,56,54,59,54,59,54,55,54,52,54,50,54,50,52,50,49,50,49,50,52,50,52,54,42,44,46,47,54,56,58,59
66,59,61,63,59,71,70,68,66,68,66,65,63,65,63,61,59,61,63,59,65,66,68,66,68,70,71,66,71
47,52,47,52,54,55,54,52,54,50,52,59,52,50,55,54,55,57,59,57,55,57,50,55,62,55,59,60,59,57,59,57,55,57,55,54,55,54,52,54,47,59,57,55,54,52,54,50,52,57,55,54,52,54,50,52,57,55,54,52,54,50,47,52,47,52,54,55,54,52,54,59,52
65,64,62,60,64,67,70,74,72,73,74,70,67,64,60,74,72,69,70,69,67,65,64,62,64,60,64,67,70,74,72,70,69,67,66,67,69,65
53,51,49,48,52,55,58,61,60,56,53,51,49,60,58,49,48,58,56,61,58,55,52,48,56,55,53
59,60,57,54,51,47,60,59,55,57,55,54,52,51,52,54,55,54,47,51,54,57,60,59,55,52,50,48,57,54,55,52,54,52,51,52
67,65,64,68,71,74,77,76,74,72,71,72,74,75,74,72,71,70,71,74,69,68,69,74,67,66,67,71,69,67,65,64,68,71,74,77,76,74,72,71,72,74,75,74,72,71,69,67,70,69,67,66,64,62,66,67
70,62,61,67,65,62,58,60,62,65,63,62,60,65,63,62,60,61,62,63,62,74,65,64,73,72,63,62,70,69,67,65,63,62,65,63,62,60,58,62,65,70
73,69,65,66,68,69,71,73,74,71,68,66,65,61,69,65,66,61,62,59,64,68,66,64,62,61,59,57,61,64,69,73,71,69,73,69,64,66,68,70,71,73,74,71,68,66,65,61,73,74,73,61,62,61,71,73,71,61,62,61,69,71,69,68,66,69,68,66,65,66,57,62,61,54
50,48,46,48,50,51,53,55,52,53,50,51,49,50,47,48,43,45,46,48,50,51,53,58,57,53,56,55,51,54,53,51,50,51,53,54,53,54,53,51,50,48,46
59,64,71,72,69,71,67,69,66,67,64,67,66,64,63,61,63,59,72,69,71,67,69,66,67,64,60,59,61,63,64,63,64,66,67,66,67,68,69,71,72,63,61,63,66,64,63,66,64,63,66,64
71,66,69,67,71,76,73,74,69,71,72,67,69,71,66,67,69,66,62,64,67,66,76,74,71,67,64,67,72,63,67,72,62,67,72,61,64,69,67,66,64,62,64,66,67,71,67
66,64,62,61,64,67,71,69,68,74,73,71,74,66,68,71,69,73,64,66,69,67,71,61,62,64,62,66,64,67,66,74,71,66,67,64,71,70,71,69,71,70,71,69,76,67,66,74,70,71,66,67,61,62
63,68,66,67,62,67,63,65,60,65,62,63,72,70,68,67,65,63,62,67,60,64,68,67,65,74,72,71,72,70,68,67,65,63,59,62,60
45,54,52,50,52,45,55,54,53,54,51,52,55,59,57,55,54,52,50,49,45,55,54,53,54,50,60,59,58,59,57,55,54,52,50,47,55,54,55,52,50
63,62,63,65,67,65,67,68,70,75,72,75,70,75,72,75,70,72,70,68,67,68,67,65,63,67,65,64,65,67,68,67,68,70,72,74,76,77,75,74,72,70,75,74,75,71,72,71,72,67,68,67,68,64,65,64,65,63,62,60,58,59,60,62,63,67,63
71,70,71,68,64,70,71,68,64,65,66,59,73,72,73,69,66,72,73,69,66,70,71,68,69,68,66,65,66,64,63,61,63,61,59,58,59,63,64,66,68,69,70,71,68,64,72,73,69,66,75,73,71,69,61,63,64
68,72,75,74,75,77,75,70,75,68,75,67,75,65,67,68,70,72,74,75,70,67,70,75,70,67,65,63,73,63,65,67,68,70,72,60,70,60,62,64,65,67,68,67,65,77,75,73,72,70,68,67,68,70,67,63,64,65,67,68,72,75,72,68,63,60,63,68
48,52,55,58,61,60,58,56,55,58,56,55,53,52,53,55,52,48,51,55,58,61,65,63,61,60,58,57,58,61,53,55,56,58,60,59,60,48,49,60,58,57,58,48,49,58,56,55,53,52,50,48,52,55,58,61,60,58,56,55,56,53
67,66,67,71,69,67,66,64,62,64,66,67,69,71,72,69,67,66,67,71,69,67,66,64,63,64,66,67,69,72,71,69,67,71,69,67,66,69,74,66,64,67,74,73,74,72,71,69,68,66,64,74,72,71,69,68,69,71,72,71,69,67,66,64,62,64,66,67,69,71,72,73,74,72,71,69,67,66,67,71,69,67,66,64,62,64,66,67,69,71,72,69,74,73,74,71,72,71,72,69,74,73,74,66,67
67,66,67,69,70,72,74,67,75,69,66,74,65,74,72,63,72,70,62,70,69,67,66,67,68,69,62,65,74,72,70,69,70,71,72,74,77,75,72,75,74,70,74,72,69,72,70,69,67,65,63,62,61,64,67,70,69,72,70,69,67
54,62,61,59,62,61,57,54,59,57,55,59,57,54,50,55,54,52,55,54,50,47,49,50,52,50,49,47,46,47,49,54,62,61,59,61,62,61,57,54,55,57,55,59,57,55,57,59,55,57,54,50,52,54,55,54,52,50,52,54,50,52,54,52,45,57,55,54,42,50,49,47
42,47,46,47,49,51,49,51,52,54,59,56,59,54,59,56,59,54,52,51,49,51,49,47,46,47,51,54,55,56,58,59,54,52,54,56,58,51,49,51,52,54,56,52,54,51,52,51,49,47,54,55,56,58,59,54,52,54,56,58,51,49,51,52,54,56,58,59,61,63,59,61,58,59
64,67,62,68,69,71,69,62,70,71,72,71,67,64,76,74,72,71,69,67,66,62,64,65,59,69,67,66,67,60,67,61,62,64,66,67,69,71,67,72,71,69,67,66,64,66,69,67
54,52,50,57,54,52,50,62,59,61,62,57,61,62,55,61,62,54,52,50,54,52,50,57,54,52,50,62,59,61,62,61,59,57,59,54,56,57,60,59,57,55,54,52,51,52,54,55,52,57,55,54,52,50,49,47,49,50,52,54,49,50,52,54,55,57,56,59,57,56,59,57,55,54,52,50,57,54,52,50,62,59,57,55,54,55,57,55,54,52,54,55,54,52,50,49,52,50,49,52,50
60,65,60,59,60,67,60,59,60,69,67,65,67,65,64,65,64,62,64,62,60,62,64,65,67,69,70,72,70,69,70,62,64,65,67,69,70,69,67,69,67,72,69,65,67,72,69,65,67,72,60,62,64,66,67,69,70,72,70,69,70,67,66,69,62,66,67,60,62,64,65,67,69,70,69,67,69,65,64,67,60,64,65,63,61,62,59,60,65,64,67,65,69,67,70,69,65
54,57,56,54,57,61,59,57,56,54,53,54,56,57,61,59,57,61,64,62,61,59,57,56,52,61,64,52,62,61,59,57,56,57,59,57,56,54,53,54,56,54,57,56,54,57,62,61,59,57,56,54,57,56,54
51,52,55,53,52,43,52,50,51,52,57,55,53,43,53,52,51,52,62,60,59,48,59,57,55,52,55,54,51,54,53,43,52,48
67,63,59,60,68,67,64,67,68,72,62,61,62,68,67,65,63,62,63,60,68,64,65,68,72,67,62,63,67,72,63,62,68,67,65,63,59,62,63,60,62,68,67,65,63,59,62,63,60
53,52,50,48,47,48,50,52,53,52,53,52,53,58,57,55,53,52,53,55,57,58,57,58,57,58,59,60,59,60,59,60,47,48,47,48,47,48,49,50,52,53,52,50,48,49,50,52,53,52,53,52,53
52,59,55,54,55,57,59,60,62,60,59,64,66,67,64,60,59,57,60,59,55,59,54,55,59,62,64,62,60,59,57,64,62,60,59,55,52,57,60,59,57,55,59,57,55,54,57,55,54,52
54,48,52,57,51,56,61,59,57,56,54,49,52,51,57,51,54,48,49,51,52,45,44,49,52,51,49,48,49
55,60,59,57,59,60,55,52,57,55,53,52,50,52,53,52,48,60,58,56,58,60,55,52,53,55,57,59,60,62,64,62,57,59,60
62,55,57,59,57,50,57,59,60,59,55,64,62,60,59,57,55,54,55,57,50,55,57,59,57,62,61,62,64,62,63,64,62,60,59,57,55,54,52,50,54,55
48,60,56,55,53,65,61,60,58,56,55,56,58,60,56,55,53,52,53,55,48,60,56,55,53,60,65,61,57,60,58,56,55,53,56,60,48,56,55,53
57,59,60,59,57,58,59,52,59,60,62,60,59,60,61,62,64,65,56,57,59,60,59,57,56,57,59,60,62,64,65,64,62,60,59,57
65,64,62,60,58,57,58,60,62,55,60,53,55,57,58,60,62,64,65,55,65,64,65,57,65,64,65,64,62,60,58,57,55,58,62,53,52,53,57,55,57,58,60,65,64,65,55,64,62,60,58,57,55,58,62,53,52,53,57,58,55,53
55,60,59,57,55,57,59,60,55,60,61,62,59,57,55,60,62,64,60,59,60,65,64,65,64,60,62,63,62,63,62,60,59,57,55,57,59,60
63,62,60,58,56,55,53,51,53,55,60,57,58,64,65,60,62,63,57,60,58,63,57,60,58,63,59,62,60,63,62,60,58,56,55,53,51
58,53,58,59,60,53,60,61,62,63,55,60,62,63,62,60,61,62,53,58,60,62,60,58,55,63,62,60,58,57,55,57,58
69,66,60,61,69,66,61,62,69,68,71,69,68,66,65,61,62,58,59,63,64,60,61,65,66,68,69,70,71,74,73,65,68,66
70,75,65,67,68,72,70,63,62,60,68,60,58,67,58,60,62,63,65,67,63,65,67,68,70,72,74,75,65,67,68,72,70,67,71,72,69,70,66,67,65,67,68,70,72,74,75,67,70,63
70,69,70,66,67,62,63,58,60,62,63,62,63,67,72,70,69,67,65,75,74,72,70,67,65,63,62,60,58,70,68,66,67,65,62,63,61,59,60,72,74,70,75,67,70,60,68,58,67,65,63
58,69,70,66,58,69,70,63,57,66,63,60,61,58,54,65,63,60,58,69,70,66,56,67,68,65,66,57,63,65,54,63,61,63,60,58,69,70,65,61,53,58
70,60,67,57,58,62,60,70,69,65,75,74,73,74,70,62,72,70,62,60,70,69,66,67,70,60,67,57,65,62,60,58
67,76,77,78,79,77,76,73,74,76,77,69,71,67,76,74,76,79,78,76,83,71,73,75,76,77,74,76,77,79,81,79,76,72,82,79,80,81,82,81,82,86,84,83,81,79,78,79,83,81,79,77,76,77,69,71,76,74,72
62,61,62,64,62,63,64,61,57,67,66,67,71,69,67,66,67,68,69,71,70,71,74,69,68,69,74,67,66,67,71,69,67,66,67,68,69,71,70,71,74,71,69,68,69,74,64,63,64,67,66,64,62,74
63,60,57,58,60,61,60,58,56,55,61,58,55,56,55,56,58,60,61,63,64,65,55,63,53,61,60,58,56,58,51,56,58,55,56
68,67,68,70,68,73,68,65,66,68,72,70,63,65,66,70,68,66,64,65,69,72,75,73,72,70,63,67,70,73,72,70,68,67,68,73,68,65,63,69,68,66,63,65,61
57,62,61,62,61,62,61,62,64,66,67,69,68,69,71,69,70,71,70,71,67,69,68,69,66,67,66,67,64,66,62,64,57,62,61,62,61,62,61,62,64,66,67,69,68,69,70,71,73,74,73,74,70,71,70,71,66,67,66,67,63,64,63,64,58,57,59,61,62,61,62,61,62
48,55,56,47,55,46,53,45,44,53,51,43,42,43,48,52,55,58,48,57,48,56,48,47,56,55,48,50,51,47,48
71,68,71,69,67,66,61,62,69,59,61,71,69,59,61,73,69,76,73,76,74,73,71,73,74,66,65,73,71,64,63,71,69,67,57,71,69,71,69,67,66,61,62,69,59,61,71,69,65,66,76,74,76,73,76,74,72,70,72,70,69,65,73,71,64,71,61,62
61,73,69,66,74,65,66,68,69,71,69,68,69,68,66,68,66,65,63,65,61,66,68,65,74,73,64,73,71,62,71,69,68,69,68,66,68,61,65,66
61,66,61,66,69,68,66,65,68,61,65,68,71,74,73,71,69,71,73,76,75,71,74,73,66,68,69,66,62,61,60,61,68,71,69,68,66
76,75,76,73,76,75,76,78,76,75,73,75,73,75,72,78,77,78,80,78,76,75,76,85,76,75,76,78,81,85,83,81,80,73,75,74,75,78,76,75,69,68,72,75,78,76,75,80,73,68,76,75,72,73
45,50,53,58,56,57,52,57,54,55,50,55,52,53,57,50,53,58,56,57,62,61,55,54,60,58,53,52,58,57,55,53,52,50,44,45,53,49,52,50
78,81,86,83,79,84,81,78,79,76,81,78,74,72,74,75,76,78,81,83,86,72,76,78,81,74,78,76,79,78,76,74,73,74
66,65,66,62,59,58,59,61,67,66,67,64,61,62,61,62,64,66,62,61,58,59,62,61,62,61,58,59,67,66,64,61,62,59
66,69,72,75,74,70,67,66,69,72,75,74,67,65,64,67,70,74,72,69,65,64,67,70,74,72,69,66,62,67,69,70,67,63,61,62,75,74,70,69,67,66,69,63,62,72,70,69,67
64,66,64,61,59,61,64,66,68,71,68,66,68,71,64,73,71,68,66,64,61,59,61,66,68,66,68,71,59,61,64,66,64,61,64
57,62,64,66,67,68,69,66,62,63,64,61,57,62,61,62,64,66,64,69,71,73,74,75,76,73,69,70,71,67,64,69,70,67,64,61,62,64,65,62,59,56,57,62,61,62,64,66,64,66,67,68,69,66,62,70,71,67,64,61,59,61,62
59,61,63,64,66,67,69,71,72,62,71,60,69,67,66,64,63,64,66,63,59,62,64,66,67,69,71,72,74,64,72,71,69,71,69,67,66,64,63,64,59,69,63,66,67,64
62,65,69,74,62,67,70,74,70,72,74,75,70,67,68,69,68,69,70,69,67,65,63,62,61,70,69,67,65,67,64,62
53,52,49,50,53,57,58,49,57,47,55,45,53,52,55,58,55,52,49,58,57,55,53,55,57,45,49,52,50,49,50
43,45,46,48,49,50,57,48,46,50,55,53,51,50,48,51,57,60,63,62,60,58,57,55,54,63,62,58,55,53,51,49,50,51,50,58,57,58,57,55
68,67,68,73,71,68,61,59,61,59,64,68,69,66,65,66,73,72,73,76,75,73,69,66,64,63,64,66,73,71,67,68,69,66,65,66,68,64,63,64,75,71,70,71,73,72,69,65,64,65,69,71,68,59,68,59,69,68,69,73,61,63,64
69,68,69,71,69,67,66,64,62,58,57,67,66,67,69,70,69,70,72,70,67,63,62,61,64,57,67,66,67,68,69,68,69,71,69,67,66,64,62,58,57,69,70,67,63,62,61,70,69,67,66,63,64,63,64,66,62
60,63,68,67,66,75,74,72,71,72,74,65,64,73,72,70,68,65,61,68,65,60,68,65,59,68,67,60,63,68,70,72,74,75,66,67,74,72
64,66,68,66,64,63,61,64,63,60,56,60,63,66,69,68,69,71,69,68,66,64,68,66,64,59,60,61,62,63,66,64,66,68,66,64,63,61,60,61,63,61,60,58,56,55,58,61,64,63,64,66,68,66,64,63,61,69,71,73,71,69,68,66,67,68,69,68,60,63,61
52,55,59,64,63,64,66,59,57,55,54,57,55,54,52,54,55,56,57,58,59,60,57,54,50,54,57,59,55,52,48,52,55,57,55,54,57,55,54,52,55,59,47,52
46,55,56,55,53,51,50,48,56,58,56,55,53,51,50,46,58,60,58,56,53,55,56,58,56,55,51,53,54,53,54,56,54,53,51,50,46,60,62,60,58,59,61,59,58,59,56,53,50,46,55,56,55,53,58,51
65,70,74,70,69,70,71,72,65,72,75,72,70,72,73,74,77,74,75,72,74,70,71,72,74,72,74,72,74,72,74,72,74,72,70,69,67,65,66,67,69,67,68,69,72,70,74,72,75,74,76,77,74,75,72,74,71,72,65,64,65,66,67,68,69,72,70
61,60,63,66,69,68,64,61,57,56,66,64,63,66,69,72,71,68,64,61,59,68,66,64,65,68,71,74,73,69,66,64,63,66,69,72,71,69,68,69,68,66,64,63,61,69,60,63,61
67,69,71,70,71,62,60,69,68,69,60,59,67,66,67,57,66,67,69,70,71,72,74,73,74,65,64,72,71,72,63,62,71,70,71,61,62,71,69,70,71,67
60,55,60,62,64,60,65,64,62,69,67,65,64,57,59,60,62,64,55,65,64,62,63,64,60,64,69,71,72,67,64,69,67,65,64,62,64,65,64,60,62,64,55,57,65,64,60,69,67,64,65,67,57,65,64,59,62,60,59,64,62,60
53,60,56,58,60,61,63,61,60,59,60,56,53,55,58,61,65,63,61,60,61,60,59,60,55,60,61,63,67,65,63,62,65,63,62,63,62,60,63,60,62,60,59,60,53,60,56,58,60,61,63,61,60,59,60,56,53,61,65,60,58,56,55,53
53,48,53,57,60,58,55,57,53,55,50,55,58,62,60,58,57,55,53,48,53,57,55,50,62,58,60,58,57,55,53,52,55,53
64,59,68,66,64,66,68,66,59,71,68,69,66,64,59,68,66,69,66,68,66,59,71,68,66,68,64,73,69,76,73,68,71,73,69,76,73,71,68,66,64,59,68,64,66,68,66,59,71,68,69,66,64
52,53,54,53,52,53,46,49,53,58,59,58,53,56,54,53,52,61,60,58,56,54,53,52,60,51,49,58,48,54,53,51,49,48,49,46
59,54,62,61,59,58,59,62,57,66,64,62,61,62,67,64,61,58,61,64,67,66,62,59,55,59,62,66,64,61,58,54,64,62,61,62,64,62,61,56,58,59
60,63,68,70,72,68,77,74,75,68,73,71,72,68,63,65,63,73,63,65,63,72,61,63,61,70,68,67,65,64,60,65,68,72,73,70,77,73,72,65,70,68,67,65,64,63,65,63,72,65,67,65,73,67,68,67,75,77,75,73,72,70,68
68,65,66,60,59,69,68,59,68,71,69,59,70,73,71,76,72,73,66,68,69,73,70,71,64,63,61,71,69,68,65,66,60,59,68,64
68,61,63,64,66,68,69,68,66,68,66,64,63,61,60,61,63,64,63,68,69,68,66,69,73,69,68,66,64,68,73,61,63,69,68,66,64,63,61,60,64,63,61
60,62,65,68,69,60,62,65,68,69,74,72,69,70,60,72,69,70,60,63,64,67,74,72,69,70,69,66,67,65,63,64,72,60,63,69,65,70,68,69,65,64,65,74,76,77,72,69,65,64,65,70,72,70,69,65,64,63,62,66,69,72,75,74,72,70,69,67,65,62,64,72,60,58,60,70,60,59,60,69,60,59,60,67,64,65,77,70,68,69,65
58,55,58,51,50,53,46,60,59,60,53,54,55,63,60,63,56,60,57,58,51,55,53,46,60,58,63,62,63,56,63,62,63,55,52,53,55,56,58,60,62,63
63,62,63,65,64,65,67,66,67,70,68,69,72,70,71,73,72,74,72,74,75,76,77,70,69,70,75,68,67,68,73,72,70,68,67,65,63,62,63,62,63,64,65,64,65,67,66,67,75,68
69,65,61,62,70,67,64,61,73,74,65,64,72,69,64,65,70,73,72,59,60,70,69,67,69,65,56,57,67,65,64,65,62,63,62,60,58,57,55,54,64,62,67,69,70,67,63,62,61,69,56,57,67,65,61,64,62
53,48,60,56,55,56,53,54,49,61,58,56,58,54,53,52,60,63,51,50,58,49,48,56,53,55,60,53
62,61,62,57,56,57,54,53,54,50,49,50,64,62,61,59,57,56,57,59,57,56,54,52,50,62,64,62,57,59,57,54,55,54,50,52,49,59,57,56,64,62,61,62,61,59,57,59,57,55,54,50,49,50
62,64,74,73,64,66,72,71,67,69,70,69,68,69,57,58,68,69,73,74,62,64,72,71,66,67,70,69,67,65,64,62,61,62,64,57,73,74
72,71,72,75,73,67,68,67,65,67,68,65,63,68,72,77,76,75,73,72,70,72,70,69,70,73,72,70,68,64,63,68,72,77,75,73,72,70,68,66,65,69,72,78,77,75,73,72,71,77,76,72,71,68,67,65,61,59,60,65,68,72,60,64,67,75,73,72,71,72,75,74,73,67,68,67,65,67,68,65,64,65,67,68,67,69,70,72,73,75,77,60,61,60,59,60,68,64,67,65
57,60,62,63,62,60,59,60,57,45,46,50,53,56,55,53,50,53,57,60,62,63,62,60,59,60,62,60,57,48,46,50,53,56,55,53,50,53,48,50,53,55,53,55,57,60,51,53,56,58,56,58,60,57,60,62,63,62,60,59,60,57,45,46,50,53,56,57,53
67,66,72,71,75,74,65,64,73,72,70,68,66,72,71,60,70,64,65,59,60,62,63,65,66,72,71,75,74,69,71,67,72,60
60,59,54,55,51,47,48,56,55,54,55,61,58,52,53,55,56,55,51,47,50,48
74,73,74,71,72,71,72,70,71,70,71,68,69,62,67,71,76,73,74,69,72,71,69,67,66,64,62,76,75,76,73,74,73,74,71,72,71,72,70,71,62,61,64,69,65,66,74,70,71,74,67
45,48,51,55,53,51,50,53,46,50,53,56,60,58,56,55,53,52,55,58,62,60,58,57,60,53,51,50,53,57,58,48,57,46
58,60,62,63,65,64,67,65,63,62,60,58,57,65,55,64,65,53,67,65,63,62,60,62,59,62,60,62,63,64,65,63,62,60,58,60,57,60,58,67,66,67,58,57,60,63,67,66,63,66,62,58,56,55,59,62,65,63,60,63,60,53,57,60,63,62,60,62,52,53,65,64,67,65,63,62,60,58,53,58,67,57,58
71,69,64,66,67,71,69,66,62,64,76,74,71,67,72,71,67,64,69,71,67,66,62,64
55,49,50,44,45,47,48,47,48,50,52,50,52,54,55,57,59,57,56,50,49,55,54,48,47,53,52,50,48,47,45,43,42,43,45,47,48,50,52,54,55,57,59,56,57,50,55
70,67,70,72,70,68,67,68,65,68,70,68,67,65,67,68,67,65,63,65,70,65,72,65,67,69,70,67,70,72,70,68,67,68,64,65,68,70,68,67,65,67,63,68,65,70,67,72,68,74,75,70,72,70,68,67,65,63
69,70,68,67,66,67,65,63,62,63,59,63,68,75,73,71,70,67,66,67,74,72,71,72,65,67,68,72,70,69,70,63,65,67,70,68,75,71,70,58,70,68,58,68,67,64,65,68,72,74,75
47,59,54,50,49,50,52,50,49,50,49,47,59,54,50,49,50,52,50,49,47,50,62,57,54,52,54,55,54,52,54,52,50,52,54,55,54,55,57,55,57,58,57,55,57,55,54,52,54,52,50,52,50,49,50,49,47,46,45,47,49,47,49,50,49,50,52,50,52,54,47,59,54,50,49,50,52,50,49,50,49,47,59,54,50,49,50,52,50,49,47
47,56,46,47,57,46,47,58,61,59,55,56,57,52,49,47,45,54,51,47,61,59,52,54,56,57,56,54,52,59,47,56,46,47,57,46,47,58,61,59,52,63,61,49,59,57,58,61,59,57,49,51,56,55,54,47,57,51,52
49,56,49,51,49,48,57,44,48,51,54,52,51,52,51,49,54,55,56,59,57,56,52,59,52,54,52,51,60,59,57,56,54,53,54,57,61,47,56,54,52,53,49,53,56,59,57,56,54,51,54,57,61,60,58,60,61,54,56,57,56,54,63,44,48,51,54,52,51,49
49,61,57,54,53,56,59,62,61,59,56,52,51,54,57,60,59,56,57,54,51,48,47,57,56,52,53,54,55,56,52,50,49,53,56,59,63,61,60,61,49,47,51,54,57,60,59,58,59,46,47,57,56,53,56,54,48,47,49,51,54,52
60,62,64,65,69,72,69,65,62,64,66,67,70,74,70,67,64,66,68,69,72,76,72,69,70,67,64,60,61,60,61,60,62,64,65,69,72,69,65,63,62,64,66,67,70,74,70,67,65,64,66,68,69,72,76,72,69,70,67,64,60,73,72,61,60,62,64,65
64,61,59,61,59,57,56,54,52,64,60,59,60,59,57,55,54,52,51,52,54,52,54,56,54,56,58,54,59,47,64,52,60,59,61,59,57,56,54,52
70,72,70,68,70,68,67,68,67,65,67,68,70,63,70,62,70,60,64,67,72,73,72,67,70,68,63,67,65,61,63,62,58,62,65,74,72,74,75
47,54,57,56,52,56,54,47,50,54,52,49,45,49,47,54,57,56,52,56,54,47,50,54,52,49,45,49,47,54,57,54,59,57,56,54,52,54,56,54,52,50,52,54,59,54,59,57,56,54,57,56,54,52,50,49,45,47,54,57,56,52,56,54,47,50,54,52,49,45,49,47,49,45,49,47,49,45,49,47,59
59,64,67,70,72,71,72,71,69,68,69,71,69,67,66,64,59,64,67,70,71,70,71,72,71,69,67,66,64,63,62,67,71,73,74,73,74,71,72,71,72,74,72,71,69,67,62,67,71,73,74,73,74,76,74,72,71,69,67,72,71,69,67,66,72,71,69,67,66,64,69,67,66,64,63,64,66,70,71,59,64,67,70,71,70,71,68,69,68,69,71,69,67,66,64,76,74,72,71,69,68,69,70,71,59,64
62,76,73,74,72,70,71,69,66,67,71,64,72,63,73,74,62,76,73,74,73,70,71,67,66,64,67,63,61,62,72,71,67
62,57,53,49,50,58,57,62,61,65,64,67,65,64,62,56,57,65,61,62,64,62,61,62
59,62,67,65,66,64,62,61,59,58,61,64,69,67,66,64,62,61,62,64,65,66,59,66,71,69,73,69,66,63,64,66,67,69,70,71,66,62,59,71,67,64,61,67,66,64,62,61,59,58,59
50,63,62,60,58,57,55,57,53,51,50,48,47,56,55,53,43,53,51,50,48,50,48,47,53,52,58,57,51,53,51,50,56,55,48,55,50,46,48,50,51,49,50,51,54,55,57,58,60,62,63,61,62,55,57,54,43
65,70,65,64,70,63,61,62,67,65,70,75,73,70,72,73,74,65,68,67,63,64,74,72,68,65,63,61,62,73,70,65,70,65,64,70,63,70,62,61,60,58
74,73,79,82,81,79,74,73,79,82,81,79,75,79,78,79,84,83,84,81,84,87,86,78,86,84,82,81,74,73,74,75,79,84,77,81,82,84,87,86,85,86,82,79,75,86,82,84,81,78,82,79,75,72,82,79,81,78,72,70,74,73,79,82,81,79,75,74,79,82,81,79,74,79,77,75,72,75,74,73,74,72,81,78,74,70,74,79,72,75,79,74,78,81,79,81,74,73,74,70,67
61,63,65,66,68,69,60,69,68,59,58,67,66,57,56,66,56,65,66,68,69,71,73,63,73,71,62,71,69,68,66,68,61,65,66
58,63,67,69,72,70,67,68,64,65,67,68,65,63,65,67,58,62,65,68,72,70,75,64,65,67,68,62,65,63,58,63,67,69,72,70,67,68,64,65,67,68,65,63,65,67,58,62,65,68,72,70,75,64,65,67,68,62,65,63,67,72,71,72,74,65,68,67,65,63,62,60,62,63,66,68,67,60,66,68,67,72,68,65,62,67,60,59,58,63,67,68,72,70,67,68,63,65,67,68,65,63,65,67,58,62,65,68,72,70,75,64,65,67,68,62,65,63,58,65,67,65,63,65,67,63,67,72,71,72,74,65,68,67,65,63,62,60,62,63,66,68,67,60,66,68,67,72,68,65,62,67,60,59,58,63,67,68,72,70,67,68,63,65,67,68,65,63,65,67,58,62,65,68,72,70,75,64,65,67,68,62,65,63,58,65,67,65,63,65,67,63
47,49,50,52,53,61,57,55,52,55,56,52,55,54,53,54,64,62,52,59,58,57,52,54,55,57,58,66,64,62,54,60,59,58,52,59,57,45,55,54,52,54,50
66,65,66,57,66,65,66,69,67,66,67,57,67,66,67,71,69,74,73,67,71,69,66,69,67,64,66,67,69,71,70,71,62,71,70,71,76,69,68,69,61,69,71,73,74,76,78,69,67,76,67,66,74,73,71,69,67,66,64,62
67,62,73,74,70,71,70,71,72,71,70,71,67,64,59,70,71,72,71,69,71,76,74,71,63,62,74,71,65,64,67,68,66,68,69,68,69,71,69,71,72,74,72,71,76,69,72,69,64,62,72,69,61,62,64,66,67,66,67,69,71,72,71,72,74,75,76,73,74,72,71,69,71,69,61,62,64,62,67
58,57,60,57,53,63,65,60,62,63,55,58,53,52,55,53,62,60,61,62,63,64,67,65,62,58,57,60,53,63,54,57,60,62,58,63,60,66,65,63,62,61,60,62,58
70,61,60,66,65,63,61,70,72,69,73,72,70,72,70,68,66,75,72,65,69,70,72,73,72,70,68,66,75,65,69,72,75,73,72,73,70,66,65,72,70,68,72,73,72,70
70,68,67,65,67,68,60,68,65,62,63,62,65,68,67,65,63,65,62,61,62,65,63,60,55,63,67,70,72,70,68,67,68,67,65,64,65,58,62,65,68,70,72,70,68,67,66,67,65,64,65,62,63,62,63,62,61,62,63,65,63,65,63,62,60,59,60
55,59,64,67,69,66,67,71,69,66,65,69,68,69,72,63,67,66,64,59,60,59,64,67,65,64,61,62,55,59,62,65,67,72,64,62,60,59,60,62,71,68,65,64,62,60,59,60,64,69,59,60,59,62,56,59,57,59,62,65,57,60,59,57,56,59,60,59,57
67,64,60,57,59,60,55,60,57,62,55,60,57,65,69,65,62,61,62,64,57,62,61,64,57,56,57,62,61,59,61,64,65,67,69,67,62,65,60,62,64,65,62,59,60,62,64,63,64,57,59,60,57
60,64,67,72,67,64,62,65,69,68,69,59,62,65,69,67,65,63,67,72,71,72,66,62,69,72,70,68,70,67,62,67,62,61,64,67,70,69,67,66,69,74,73,74,71,74,65,63,65,62,63,67,72,68,66,60,63,67,71,72,74,65,63,67,72,65,68,74,68,65,68,67,74,70,65,63,72,62,72,63,60,65,71,60
68,64,57,61,59,68,57,61,59,68,67,68,73,71,68,64,61,66,65,66,61,66,65,68,69,73,72,73,75,73,69,66,71,68,59,56,71,68,63,64,61,66,69,73,75,73,69,66,71,64,58,61,59,68,57,61,59,60,61,63,59
65,68,67,65,72,69,70,73,72,71,74,77,80,79,78,79,77,75,74,73,77,73,72,70,68,75,74,68,73,77,76,67,68,70,72,69,70,68,65,72,70,68,67,68,64,65
65,55,56,58,60,63,72,61,70,60,68,58,61,56,55,53,63,58,60,70,68,66,56,58,60,61,75,73,70,60,70,68,58,61,63,65,67,68,58,65,63,53,55,56
65,53,58,60,62,60,58,57,55,57,53,65,53,61,63,61,60,58,57,55,53,62,60,58,57,55,64,62,60,58,57,65,53,61,63,61,60,58,57,55,53
68,72,68,65,63,65,67,68,71,70,71,73,71,70,68,62,63,67,70,73,76,75,73,75,72,68,70,71,70,68,62,63,70,68
66,69,71,74,69,71,65,67,65,64,62,69,67,69,71,66,69,71,76,74,69,71,65,67,65,64,62,67,69,71,69,62,64,65,64,62
65,69,72,74,64,65,68,72,73,64,65,68,72,75,77,67,68,73,72,70,68,67,73,72,70,69,67,65
60,65,69,66,67,70,68,69,74,72,70,69,67,65,64,65,67,60,65,69,66,67,70,68,69,71,72,67,69,67,65,64,62,60,72,73,70,67,73,72,68,65,72,70,67,64,67,60,62,64,65,68,67,70,68,72,70,73,72,58,60,62,64,65
67,71,74,72,71,67,69,71,69,67,70,74,77,75,74,70,72,74,70,69,65,67,68,67,63,67,70,73,74,71,67,69,71,67,64,61,62,64,66,67
65,69,72,70,69,67,69,65,68,72,75,73,72,70,72,73,70,68,67,72,69,67,65,70,67,65,64,65,67,69,70,72,74,64,65,67,68,70,72,73,75,73,72,70,69,67,69,72,65,64,67,72,70,69,67,65
60,65,70,69,65,69,74,72,63,68,73,72,68,72,77,75,72,68,65,63,73,72,68,63,61,70,69,65,61,59,60,64,65,67,70,74,64,67,69,67,65
72,69,60,62,64,65,67,69,70,72,69,60,62,64,65,67,69,66,67,74,70,62,64,66,67,69,70,72,74,76,72,74,69,70,72,70,69,67,65,64,65
56,65,63,61,63,54,51,54,61,60,49,53,60,58,48,51,58,56,65,55,56,63,61,52,53,60,58,57,58,66,70,66,65,56,65,64,55,63,61,55,56,49
59,64,66,68,71,73,75,78,76,73,72,71,70,71,72,75,73,68,71,69,59,66,68,69,65,66,67,68,59,64,66,68,71,73,75,76,77,73,70,69,66,69,68,62,68,70,75,73,70,61,66,69,73,70,69,66,63,59,61,63,64
60,55,60,69,67,64,67,74,72,71,72,74,65,64,60,64,69,66,67,62,57,62,70,69,65,69,76,74,72,68,69,64,65,63,64,67,60
58,63,65,66,67,72,70,67,64,65,67,65,67,70,68,67,63,72,68,65,74,70,67,75,72,70,68,67,65,63,67,68,67,72,75,74,67,68,67,74,77,75,70,72,74,72,67,70,68,72,70,68,67,65,63
67,69,71,72,74,76,77,74,79,76,72,69,67,74,64,66,68,69,71,72,69,74,71,67,64,62,71,67,72,69,65,62,60,62,64,65,67,69,71,72,60,62,64,65,67,69,71,72,67,64,60
59,66,64,69,68,66,62,64,62,61,59,66,64,69,68,66,62,64,62,61,59,71,69,68,69,68,66,71,74,73,74,73,69,71,69,68,69,68,66,64,66,59,64,62,61,59
58,53,55,57,58,60,62,60,58,59,60,53,55,57,58,60,62,63,62,60,62,53,55,58,55,53,50,53,55,58,55,53,50,51,53,55,57,58,53,55,57,58,60,62,60,58,60,53,58
51,55,53,51,58,56,55,63,58,55,56,58,57,58,60,58,57,55,53,51,50,48,46,51,48,50,51,55,53,51,52,53,54,55,52,54,55,58,57,55,56,57,59,60,48,50,51,53,55,56,58,60,50,51,53,55,56,58,48,50,51,53,51,50,48,46,48,50,51,53,55,56,57,58,55,51,47,46,50,51
60,65,67,68,70,72,70,68,67,68,65,67,64,67,69,71,69,67,66,59,64,60,65,67,68,70,72,73,70,66,73,69,66,65,67,68,70,72,60,67,68,65
47,51,54,59,57,54,50,54,51,47,49,51,49,54,47,51,54,59,61,62,57,54,55,59,52,55,57,54,50,52,54,51,49,47
65,60,65,70,69,72,69,64,62,67,72,71,60,67,70,69,58,63,67,72,75,70,73,68,70,72,69,60,62,60,67,69,70,72,69,60,65
74,73,71,73,62,64,66,67,69,71,73,74,62,76,66,69,64,66,71,69,66,62,64,65,64,69,74,73,71,73,62,64,66,67,69,66,67,69,71,73,74,76,74,66,74,76,74,73,71,73,69,71,73,71,69,67,69,66,71,69,67,66,64,66,62,64,69,73,74,62,64,69,73,74,62,74,62,73,71,73,74,62
55,60,62,64,65,67,72,67,60,63,68,60,64,67,66,67,69,66,67,62,59,60,63,62,60,59,57,55,60,62,63,65,67,68,67,60,64,67,72,71,69,67,68,67,65,68,63,60,67,55,57,59,60,63,60,64,60
64,67,64,60,62,64,71,68,64,66,68,69,73,69,66,68,66,64,63,64,65,64,63,61,64,63,60,55,60,64,65,67,62,64,59,64,68,69,71,66,67,65,64,60,64,69,67,65,57,59,60,65,64,60
64,71,67,66,64,67,74,70,69,67,69,67,66,67,66,64,63,64,66,67,66,67,74,71,69,67,70,77,73,72,70,72,70,69,70,69,67,69,67,66,67,66,64,59,72,71,69,67,66,64,63,66,64
60,64,68,71,67,63,60,64,68,71,67,63,67,71,75,76,72,68,76,72,67,75,71,67,71,72,60
60,64,67,63,67,70,66,70,73,72,71,69,67,65,64,67,60,67,70,63,70,73,66,72,75,72,68,72,69,65,69,66,62,64,66,68,73,70,66,70,66,63,67,64,60
46,50,53,50,54,57,54,58,61,64,63,59,62,59,55,58,55,51,55,51,48,45,46
62,65,70,72,73,68,70,68,70,65,63,62,65,70,72,73,75,70,72,65,67,62,63,65,70,68,73,72,70,75,73,72,70,65,67,62,65,70,72,73,69,70,69,70,65,63,68,70,65,63,62
67,71,74,73,74,76,77,76,74,73,74,71,67,69,70,69,70,67,65,64,65,67,64,69,71,69,67,71,74,73,74,73,74,76,77,76,74,73,74,76,71,67,69,70,65,64,65,67,69,70,69,67,74,73,70,69,67,71,73,74,67
48,52,55,57,55,54,50,52,48,50,48,52,55,57,55,58,57,55,54,55,52,48,50,46,48,45,50,52,55,57,54,58,57,55,52,48,50,48
58,59,60,59,60,61,62,63,64,63,64,65,66,65,66,67,68,69,70
70,69,68,67,68,67,66,65,64,65,66,65,64,63,62,61,60,59,58
46,48,50,52,50,48,50,52,54,52,54,56,58,56,54,52,50,48,46
70,68,66,68,66,64,66,68,70,68,66,64,66,64,62,64,62,60,58
48,50,51,53,54,53,54,56,57,56,55,54,53,54,55,56,57,56,54,56,57,59,60
60,59,58,59,58,56,57,55,54,55,53,51,52,54,55,53,54,52,51,50,51,49,48
50,52,54,56,54,56,57,55,53,51,52,50,49,51,53,55,57,58,60,61,59,61,58,56,57,55,56,59,56,54,53,51,49,48,50
67,66,67,69,70,68,67,66,67,68,70,68,66,64,66,64,66,68,70,72,70,68,69,67,66,68,69,67,65,64,63,61,63,64,66,67,66,64,63,65,66,63,62,61
58,60,61,60,61,63,61,63,64,63,64,66,67,66,67,69,67,69,70
70,69,67,69,67,66,64,66,64,63,61,63,64,63,64,63,61,60,58
50,52,53,55,56,58,59,58,59,61,59,58,56,55,56,55,53,55,56,55,53,52,50,52,50,52,53,55,56,58,59,50,52,53,55,56,58,59,61,59,58,56,55,53,55,56,55,53,52,50
62,61,62,64,65,67,68,70,68,67,65,64,62,61,62,64,65,67,68,70,71,73,71,70,68,67,68,67,65,64,65,64,65,67,68,70,65,67,68,67,65,64,65,67,68,67,65,64,62
63,64,66,67,69,67,66,64,63,64,66,67,69,70,69,70,72,73,75,73,72,70,69,70,72,73,75,73,75,73,72,71,72,70,69,67,69,67,66,64,63,64,66,67,66,67,69,67,69,70,69,67,66,64,66,64,63
50,55,60,59,54,56,57,55,54,53,48,50,55,60,58,56,54,59,57,58,56,54,52,57
60,65,67,69,64,66,67,62,63,68,67,66,61,60,65,66,71,69,64,69,67,62,61,66,67,65,67,66
63,68,73,72,67,62,61,66,71,70,65,66,61,56,55,60,65,62,64,69,68,67,72,71
48,50,51,53,58,56,54,59,57,55,60,59,54,59,57,52,54,49,47,52,57,55,50,51,56,61,62,57,59,54,55,50,45,47,49
58,63,68,66,67,62,64,59,65,63,68,70,71,69,68,73,74,72,67,69,64,66,65,70,68,63,62,67,65,60,65,63,58,60,55
66,68,69,64,69,67,68,70,71,66,61,60,65,63,65,66,61,59,64,62,57,56,61,66,64,69,67,69,70,75,74,69,70,65,60,62,63,61,63,65,70,68,63,68,66,67,62,57,59,58
65,67,68,66,65,66,68,66,71,69,71,72,70,71,66,61,62,67,66,65,66,71,72,70,71,69,70,65,60,62,63,68,66,65,63,62,60,59,64,62,64,65,60,55,57,59
66,69,63,65,63,68,69,67,72,71,66,68,63,58,60,65,63,68,66,71,69,64,69,67,62,63,68,66,68,69,64,59,58,63,62
53,55,57,56,58,60,58,59,61,60,55,50,49,51,53,52,54,56,58,63,61,62,60,58,59,57,55,53,58,56,57,52,47,46,48,50,52,54,56,58,62
67,69,74,73,68,63,62,64,66,64,65,70,69,68,73,71,66,65,70,69,68,66,65,63,62,60,65,64
53,58,57,58,56,51,50,55,54,53,58,59,61,60,55,57,59,57,56,53,52,50,55,54,49,51,46,45
58,60,62,64,66,71,69,70,68,67,64,62,60,59,64,65,63,61,59,57,62,67,66,71,70,65,67,65,67,68,73,71,66,71,69,67,65,63,61,59
60,67,68,61,62,69,70,63,64,69,68,63,70,69,64,65,58,57,64,71,66,73,68,67,65,64,71,70,63,62
47,49,56,55,50,52,59,60,58,53,52,47,54,53,51,46,45,47,54,56,51,50,55,60,59,58,51,56,49,54,55,50,49,54
57,64,71,70,65,67,68,61,60,67,69,70,63,68,61,65,64,71,70,72,73,68,63,62,67,66,71,69,64,62,67,65,66
51,58,56,58,60,61,56,51,52,59,58,56,62,61,59,52,54,49,56,51,52,57,52,57,50,52,59,58,57,53,55,53,48,53,52
45,50,55,53,51,56,54,49,47,52,61,62,60,58,63,62,61,54,56,57,59,52,55,53,46,48,49,54,52,47,52,50,49,54,59,60,53,51,58,51,49,54,47,45,47,52,50,57,59,54,61
47,54,52,57,50,48,57,54,49,50,57,56,54,49,51,56,55,52,59,52,50,48,49,50,51,53,55,56,61,59,54,59,57,55,50,49,54
53,54,56,49,48,46,51,58,57,52,51,58,57,62,60,53,51,58,56,58,59,52,57,56,51,49,54,52,45,47
60,65,67,68,61,66,59,60,67,69,70,63,61,68,63,64,59,60,62,69,67,66,73,68,70,69,62,61,66,68,69,61,60,65,63,70,65,67,74,73,68,70,65,67,60
56,51,53,46,51,49,54,59,58,57,58,53,54,56,54,52,47,52,51,56,57,55,60,59,52,57,55,57,50,48,53,51,58,57,62,55,60,58,60,53,48,55,56,49,54,53,48,47,52
62,69,70,63,64,71,72,65,70,68,61,66,64,71,69,71,70,68,63,61,66,59,61,59,64,62,67,60,65,63,56,61,60,55,57,64
49,51,50,52,53,60,55,53,58,56,49,50,52,51,58,57,52,59,54,56,51,49,54,53,48,46,51,56,54,47,48,54,58,57,52,57,50,48,55,54
69,67,65,63,61,69,67,65,72,71,66,68,67,69,71,73,75,70,69,67,65,67,69,64,71,69,67,65,66,73,72,71,72,67,69,68,69,64,57,62,60,62,64,65,60,67,66,65,71,69,64,66,65,58,63,62
48,52,55,58,55,58,54,49,54,58,61,64,52,49,52,49,52,57,61,58,55,51,58,55,52,48,49,51,48,57,55,54,52,51,49,48
60,64,68,69,66,63,60,64,68,71,74,70,67,64,69,66,71,72,70,68,66,69,65,61,62,66,70,73,69,65,70,66,63,67,66,61,60,65,70,66,62,63,68,63,60
69,73,76,72,76,80,81,78,75,78,81,77,73,77,81,76,73,76,77,81,85,83,79,76,83,79,75,83,78,75,79,78,74,71
59,55,51,54,49,47,50,53,58,56,61,56,55,57,60,59,56,51,53,51,55,59,56,59,58,56,52,56,52,55,54,51,48,52,55,59,58,61,57,60,56,59,55,50,49,52,55,51
71,68,65,62,65,68,71,70,73,71,69,67,65,68,64,68,73,74,72,70,68,71,67,63,64,67,70,63,66,69,62,61,62,65,60,64,68,71,67,63,64,60,69,64
56,54,52,53,49,52,48,46,49,53,57,59,55,51,54,57,60,56,52,55,59,56,51,49,53,52,47,45,48,44,47,43,42,45,49,47,48,53,52,49,51,48
61,63,65,62,64,66,70,68,64,67,63,66,62,67,63,70,66,71,67,63,66,69,68,65,62,59,58,62,66,65,61,63,60
71,78,74,77,76,73,80,79,76,79,80,76,81,79,75,72,76,80,82,83,79,75,78,77,74,71,74,78,82,83,79,75,72,83,79,76,73,83,79,75,73,76,72,71
59,61,62,64,68,64,62,65,61,59,62,65,69,73,71,72,68,64,67,66,63,61,63,64,67,70,67,64,61,62,65,68,71,72,70,66,69,65,68,64,67,66,63,65,62,64,65,68,71,67,70,66,62
73,70,67,66,69,68,73,70,65,62,66,70,74,72,68,64,67,62,61,64,67,65,61,66,71,70,67,64,70,66,62,69,72,68,63,66,65,60,64,63,68,67,62
63,65,67,70,69,66,68,63,65,66,71,69,72,68,66,73,68,70,71,74,72,67,70,66,69,64,67,70,69,66,67,70,69,66,63,61,66,62
62,64,65,61,62,65,68,69,67,66,63,65,64,59,60,64,63,59,60,63,66,65,70,69,66,70,68,64,70,73,71,67,63,66,65,62,61,64,67,66,63
52,53,50,52,55,53,49,48,53,58,57,54,56,59,60,57,54,51,60,56,52,49,56,59,58,55,52,54,57,55,58
47,53,54,47,53,54,60,54,60,59,58,52,57,56,54,53,51,57,59,60,59,56,58,54,52,56,57,50,49,56,50,49,48,54,56,61,60,55,52,58,52,57,50,49
72,71,65,66,72,71,65,66,72,76,75,70,72,71,66,64,70,71,70,64,70,71,70,75,74,69,72,73,72,67,66,63,64,70,64,63,64,70,63,61,67,71,67,69,68,63,61,63,64,71,67,69,72,71,70,69,64,67,63,66,62
70,69,63,70,69,70,69,68,62,67,60,57,61,65,64,68,71,69,64,71,70,71,69,67,61,59,66,65,64,68,72,71,65,60
67,66,67,63,61,59,65,69,68,69,71,69,65,61,62,68,69,65,61,62,69,72,71,65,64,61,59,58,59,65,64,63,70,69,71,72,71,67,64,63,69,68,71,69,65,63,66,62,60,61,60,66,64,62,64,62,68,66,72,70,66,69,68,65,63,62,63,66,67,65,64
69,72,76,80,76,69,75,73,76,80,84,80,84,80,73,79,80,74,80,79,81,75,81,80,84,80,76,78,77,76,75,74,69,73,66,69,73,77,73,66,72,79,78,76,77,71,77,76,72,68,71,68,71
50,56,50,56,57,60,56,53,50,56,57,53,49,47,53,51,58,59,62,60,56,59,55,49,56,55,48,54,50,56,55,62,61,60,56,59,58,55,54,49,56,51
59,62,58,61,57,51,55,50,53,56,61,58,62,61,57,53,54,52,50,56,54,60,56,52,58,59,55,51,57,53,49,48,54,53,50
62,63,64,65,71,69,72,62,63,64,65,72,69,73,74,71,66,74,73,67,74,71,65,70,63,68,67,66,62,63,64,65,70,68,71,72,73,69,67,70,66,64,63,64,65,66,60,66,67,68,73,72,67,71,70,65,64
59,58,59,60,66,64,70,68,64,67,63,67,69,67,69,66,61,62,65,66,65,71,69,64,69,67,62,61,64,63,64,60,64,63,64,58,59,64,69,70,66,72
49,55,56,59,58,55,56,50,49,52,53,50,53,54,60,58,56,54,57,53,51,49,47,53,47,53,54,50,56,57,60,59,56,57,52,53,47,53,47,52,51,46,47,49,51,53,48,51,54,57,59,53,57,56,52,51,44
60,62,63,65,66,68,69,66,69,71,69,68,66,65,66,63,66,68,66,65,63,62,63,60,59,60,62,63,62,60,66,72,71,69,68,69,71,72,69,74,72,74,75,74,72,71,68,69,71,72,71,69,68,69,68,66,65,63,62,63,65,66,65,63,69,60,62,63,65,66,65,63,60,57,60
71,70,68,70,68,67,65,67,68,70,72,73,74,73,71,70,71,70,68,73,74,73,71,70,68,70,68,67,65,71,65,71,70,68,70,68,66,65,67,68,70,71,74,71
60,66,67,63,69,70,73,71,65,68,64,62,68,67,71,65,64,61,63,69,66,70,72,66,65,69,64,62,59,61,67,64,68,70,69,70
50,54,58,52,55,61,60,63,56,59,57,53,63,59,55,61,58,52,53,50,57,54,56,60,56,52,58,55,49,47,54,51,53,57
60,69,68,70,72,74,73,64,73,64,73,72,65,70,68,59,61,63,65,71,70,62,70,69,70,68,60,59,62,67,66,65,66,71,67,63,59,68
55,53,55,58,54,52,57,55,46,55,54,48,45,48,46,45,49,58,55,58,56,48,58,57,58,55,47,49,46,51,47,55,53,59,55,51,60,59,57,49
70,66,70,66,57,70,67,65,66,73,64,63,71,72,69,70,61,70,69,67,59,67,62,65,61,66,71,75,72,67,64,68
61,70,72,69,61,60,63,59,60,63,71,74,72,68,66,70,69,61,59,69,68,69,61,58,55,59,63,67,65,56,64,62,65,61,59,57,66,57,66
48,56,54,58,52,50,59,57,49,46,57,55,56,48,45,46,55,52,54,61,59,55,61,59,55,58,51,52,50,53,49,52,51,53,50,59,56,58,49,52,50,48,56,55,52,48,46
48,53,59,53,48,53,59,60,51,49,57,60,57,61,57,55,58,54,57,55,46,55,57,55,46,53,52,47,45,53,56,53,45,53,45,53,56,54,48,53,52,51,50,49,48,47,46,55,56
69,71,69,72,68,66,68,66,69,72,70,73,65,62,64,61,69,74,73,64,73,64,73,72,69,61,69,72,68,61,68,67,69,67,65,66,71,70,71,67,73,76,74,70,69,72,70,66,70,69,60,63,61,70,67,70,61,59,58,61,69,72,69,61,69,72,69,61,69,67,65,63,61,60
48,57,61,57,48,44,61,57,48,44,47,50,48,57,54,56,58,61,58,50,47,50,46,47,56,47,56,60,59,56,47,56,55,46,48,57,56,48,57,56,48,57,54,45,54,45,44,54,58
58,66,58,66,69,66,70,69,61,67,64,66,63,62,71,68,71,70,62,58,61,67,65,57,56,64,60,69,66,58,69,66,58,66,57
56,48,45,56,60,56,47,43,44,53,50,44,53,52,45,54,58,45,54,58,54,46,43,45,49,47,45,46,52,56,52,46,52,55,52,44,46,48,50,47,49,51,53,57,48,44,57,61,57,48,44,53
51,60,59,50,49,54,52,55,46,44,53,57,59,50,51,60,61,56,58,55,52,54,45,53,51,60,59,50,49,54,52,55,46
64,72,71,62,63,69,67,70,61,65,56,54,56,65,61,70,67,69,63,62,71,72,64,60,59,62,63,69,67,70,73,65,68,66
49,60,57,59,58,50,49,60,57,55,59,58,47,58,52,54,61,60,55,50,54,49
57,61,72,69,72,61,62,64,60,71,68,70,68,62,59,70,67,59,70,67,69,73,72,64,62,60,58,56,67,57,61,70,73,70,73,74,63,61,72,69,59,60,61,63,69,67,59,56,67,64
61,63,64,74,71,70,67,70,60,68,64,65,68,66,62,68,66,69,73,70,73,70,62,70,73,70,60,63,61,59,70,67,59,70,73,72,69,58,69,58,63,66,74,71,72,68,71,67,58,67,58,67,58,67,71
46,56,57,53,52,55,54,51,48,50,46,54,52,48,59,58,53,56,54,43,54,57,54,44,54,58,56,54,50,55,53,51,47,54,56,57,53,57,46,56,57,53,56,45,44
71,70,71,67,71,60,63,66,72,74,71,63,66,62,61,72,69,71,70,67,65,73,72,73,71,67,70,59,70,67,70,67,59,56,67,64,66,62,65,73,72,69,72,69,61,64,60,62,66,63
62,73,70,72,71,67,70,66,62,72,68,70,74,72,63,70,66,68,64,66,67,70,73,63,72,70,68,66,69,65,68,57,66
48,50,51,62,59,55,58,50,58,47,58,48,50,52,58,56,60,59,61,62,51,59,51,62,51,59,57,53,56,54,50,62,60,58,47,50,58,57,52,55,51,60,57,48,59,56,59,48,59,56,57,60,56,52,54,51
45,56,53,54,53,57,49,46,56,53,54,52,48,59,55,58,54,50,61,59,58,59,50,61,62,60,58,56,59,55,46,54,51,45,56,53,54,53,45,56,54,57,54,46
65,62,73,70,65,62,73,70,74,64,62,70,74,64,61,70,67,61,70,72,61,70,67,69,73,71,65,64,60,71,68,64,60,71,68,65,55,65,69
60,69,73,69,60,69,73,70,60,70,68,64,72,70,69,58,69,66,69,58,67,63,61,59,57,62,67,66,67,66,63,65,67,57,67,64,66,62,57,60,68,71,69,57,61,70,74,72,61,72,69,72,61,64,60
46,57,54,57,46,57,54,50,53,61,59,58,47,56,55,44,47,55,52,54,50,48,51,52,54,55,58,57,59,49,52,49,59,48,51,57,56,53,52,49,52,60,57,46,49,46,57,46,49,54,53,50,49,47,57,47
54,48,59,55,56,46,49,51,62,52,57,53,59,55,60,50,63,51,54,44,55,54,48,59,55,56,46
